prediction_id,schema_version,created_at,as_of,puck_drop,mode,data_origin,evidence_lane,game_id,market,period,selection,line,team,participant,market_key,market_id,sportsbook,provider,market_snapshot_ref,market_observed_at,quote_age_minutes,execution_price,execution_decimal,raw_implied_probability,no_vig_probability,novig_method,market_overround,model_probability,model_p_win,model_p_push,model_fair_price,model_fair_decimal,probability_edge,fair_price_edge,ev_per_unit,goalie_state,goalie_fingerprint,lineup_state,roster_fingerprint,model_version,feature_version,parameter_fingerprint,constants_id,default_constants,config_hash,data_snapshot_id,health_score,status,shadow_lane,eligibility,block_reasons,reason_codes,state_fingerprint
P:cb63861a6fdfd5a92d1a,artifact-v2,2026-01-20T14:00:00Z,2026-01-20T14:00:00Z,2026-01-21T02:00:00Z,FORWARD,SYNTHETIC,DEV_SYNTHETIC,2025020702,ML,FULL_GAME,HOME,,,,2025020702:ML:HOME,2025020702:ML,synthbook,synthetic,HOME@2026-01-20T06:00:00Z#synthetic|AWAY@2026-01-20T06:00:00Z#synthetic,2026-01-20T06:00:00Z,480.0,-134,1.74626866,0.57264957,0.548332,multiplicative,0.04434769,0.491423,0.491423,0.0,103,2.03490871,-0.05691,-0.141844,-0.141844,HOME:UNKNOWN(8470591@0.549)|AWAY:UNKNOWN(8470616@0.800),G:cde00f92eb90b09d,UNKNOWN,R:e54fff69cafca356,nhl-gs-0.1.0,nhl-feat-0.1.0,PR:22465be539be19fb,LC:67c7cb02a1bcdc94,"[""pull_trailing_by_1_seconds"", ""pull_trailing_by_2_seconds"", ""rate_4v4_mult"", ""rate_6v5_attack"", ""rate_empty_net"", ""rate_pp"", ""rate_sh"", ""score_effect_beta"", ""score_effect_beta_p3""]",bcb139690e46,DS:a030b3c61cb6482d,0.9457,BLOCKED,PASS,INELIGIBLE_DEV,"[""HARD_BLOCK:SIMULATED_CLOCK"", ""HARD_BLOCK:STALE_PRICE"", ""HARD_BLOCK:SYNTHETIC_SOURCE""]","[""HARD_BLOCK:SYNTHETIC_SOURCE"", ""HARD_BLOCK:SIMULATED_CLOCK"", ""HARD_BLOCK:STALE_PRICE""]",S:9b60674a9bf3a6bb04454275
P:6f42ac71d43d0c9528ca,artifact-v2,2026-01-20T14:00:00Z,2026-01-20T14:00:00Z,2026-01-21T02:00:00Z,FORWARD,SYNTHETIC,DEV_SYNTHETIC,2025020702,ML,FULL_GAME,AWAY,,,,2025020702:ML:AWAY,2025020702:ML,synthbook,synthetic,HOME@2026-01-20T06:00:00Z#synthetic|AWAY@2026-01-20T06:00:00Z#synthetic,2026-01-20T06:00:00Z,480.0,112,2.12,0.47169811,0.451668,multiplicative,0.04434769,0.508577,0.508577,0.0,-103,1.9662688,0.05691,0.078184,0.078184,HOME:UNKNOWN(8470591@0.549)|AWAY:UNKNOWN(8470616@0.800),G:cde00f92eb90b09d,UNKNOWN,R:e54fff69cafca356,nhl-gs-0.1.0,nhl-feat-0.1.0,PR:22465be539be19fb,LC:67c7cb02a1bcdc94,"[""pull_trailing_by_1_seconds"", ""pull_trailing_by_2_seconds"", ""rate_4v4_mult"", ""rate_6v5_attack"", ""rate_empty_net"", ""rate_pp"", ""rate_sh"", ""score_effect_beta"", ""score_effect_beta_p3""]",bcb139690e46,DS:a030b3c61cb6482d,0.9457,BLOCKED,MODEL_PLUS,INELIGIBLE_DEV,"[""HARD_BLOCK:SIMULATED_CLOCK"", ""HARD_BLOCK:STALE_PRICE"", ""HARD_BLOCK:SYNTHETIC_SOURCE""]","[""HARD_BLOCK:SYNTHETIC_SOURCE"", ""HARD_BLOCK:SIMULATED_CLOCK"", ""HARD_BLOCK:STALE_PRICE""]",S:5d3bb3f24ed1f8d0c8df5882
P:97f4655abc92207b2d39,artifact-v2,2026-01-20T14:00:00Z,2026-01-20T14:00:00Z,2026-01-21T02:00:00Z,FORWARD,SYNTHETIC,DEV_SYNTHETIC,2025020702,PUCK_LINE,FULL_GAME,HOME,-1.5,,,2025020702:PUCK_LINE:HOME:-1.5,2025020702:PUCK_LINE:-1.5,synthbook,synthetic,HOME@2026-01-20T06:00:00Z#synthetic|AWAY@2026-01-20T06:00:00Z#synthetic,2026-01-20T06:00:00Z,480.0,239,3.39,0.29498525,0.282287,multiplicative,0.04498525,0.262127,0.262127,0.0,281,3.81494838,-0.02016,-0.11139,-0.11139,HOME:UNKNOWN(8470591@0.549)|AWAY:UNKNOWN(8470616@0.800),G:cde00f92eb90b09d,UNKNOWN,R:e54fff69cafca356,nhl-gs-0.1.0,nhl-feat-0.1.0,PR:22465be539be19fb,LC:67c7cb02a1bcdc94,"[""pull_trailing_by_1_seconds"", ""pull_trailing_by_2_seconds"", ""rate_4v4_mult"", ""rate_6v5_attack"", ""rate_empty_net"", ""rate_pp"", ""rate_sh"", ""score_effect_beta"", ""score_effect_beta_p3""]",bcb139690e46,DS:a030b3c61cb6482d,0.9457,BLOCKED,PASS,INELIGIBLE_DEV,"[""HARD_BLOCK:SIMULATED_CLOCK"", ""HARD_BLOCK:STALE_PRICE"", ""HARD_BLOCK:SYNTHETIC_SOURCE""]","[""HARD_BLOCK:SYNTHETIC_SOURCE"", ""HARD_BLOCK:SIMULATED_CLOCK"", ""HARD_BLOCK:STALE_PRICE""]",S:85cd858b468411b25034c6db
P:5c2aa2ed23876e5da03a,artifact-v2,2026-01-20T14:00:00Z,2026-01-20T14:00:00Z,2026-01-21T02:00:00Z,FORWARD,SYNTHETIC,DEV_SYNTHETIC,2025020702,PUCK_LINE,FULL_GAME,AWAY,1.5,,,2025020702:PUCK_LINE:AWAY:+1.5,2025020702:PUCK_LINE:-1.5,synthbook,synthetic,HOME@2026-01-20T06:00:00Z#synthetic|AWAY@2026-01-20T06:00:00Z#synthetic,2026-01-20T06:00:00Z,480.0,-300,1.33333333,0.75,0.717713,multiplicative,0.04498525,0.737873,0.737873,0.0,-281,1.3552463,0.02016,-0.016169,-0.016169,HOME:UNKNOWN(8470591@0.549)|AWAY:UNKNOWN(8470616@0.800),G:cde00f92eb90b09d,UNKNOWN,R:e54fff69cafca356,nhl-gs-0.1.0,nhl-feat-0.1.0,PR:22465be539be19fb,LC:67c7cb02a1bcdc94,"[""pull_trailing_by_1_seconds"", ""pull_trailing_by_2_seconds"", ""rate_4v4_mult"", ""rate_6v5_attack"", ""rate_empty_net"", ""rate_pp"", ""rate_sh"", ""score_effect_beta"", ""score_effect_beta_p3""]",bcb139690e46,DS:a030b3c61cb6482d,0.9457,BLOCKED,PASS,INELIGIBLE_DEV,"[""HARD_BLOCK:SIMULATED_CLOCK"", ""HARD_BLOCK:STALE_PRICE"", ""HARD_BLOCK:SYNTHETIC_SOURCE""]","[""HARD_BLOCK:SYNTHETIC_SOURCE"", ""HARD_BLOCK:SIMULATED_CLOCK"", ""HARD_BLOCK:STALE_PRICE""]",S:528e096b48f6dda91b3ba625
P:5a215223daa4b1357713,artifact-v2,2026-01-20T14:00:00Z,2026-01-20T14:00:00Z,2026-01-21T02:00:00Z,FORWARD,SYNTHETIC,DEV_SYNTHETIC,2025020702,REG_3WAY,REGULATION,HOME,,,,2025020702:REG_3WAY:HOME,2025020702:REG_3WAY,synthbook,synthetic,HOME@2026-01-20T06:00:00Z#synthetic|DRAW@2026-01-20T06:00:00Z#synthetic|AWAY@2026-01-20T06:00:00Z#synthetic,2026-01-20T06:00:00Z,480.0,149,2.49,0.40160643,0.382738,multiplicative,0.04929845,0.379696,0.379696,0.0,163,2.63368693,-0.003042,-0.054557,-0.054557,HOME:UNKNOWN(8470591@0.549)|AWAY:UNKNOWN(8470616@0.800),G:cde00f92eb90b09d,UNKNOWN,R:e54fff69cafca356,nhl-gs-0.1.0,nhl-feat-0.1.0,PR:22465be539be19fb,LC:67c7cb02a1bcdc94,"[""pull_trailing_by_1_seconds"", ""pull_trailing_by_2_seconds"", ""rate_4v4_mult"", ""rate_6v5_attack"", ""rate_empty_net"", ""rate_pp"", ""rate_sh"", ""score_effect_beta"", ""score_effect_beta_p3""]",bcb139690e46,DS:a030b3c61cb6482d,0.9457,BLOCKED,PASS,INELIGIBLE_DEV,"[""HARD_BLOCK:SIMULATED_CLOCK"", ""HARD_BLOCK:STALE_PRICE"", ""HARD_BLOCK:SYNTHETIC_SOURCE""]","[""HARD_BLOCK:SYNTHETIC_SOURCE"", ""HARD_BLOCK:SIMULATED_CLOCK"", ""HARD_BLOCK:STALE_PRICE""]",S:5eb8d79d4636d8c4125ac05e
P:a0d3a3b37519c3b383c1,artifact-v2,2026-01-20T14:00:00Z,2026-01-20T14:00:00Z,2026-01-21T02:00:00Z,FORWARD,SYNTHETIC,DEV_SYNTHETIC,2025020702,REG_3WAY,REGULATION,DRAW,,,,2025020702:REG_3WAY:DRAW,2025020702:REG_3WAY,synthbook,synthetic,HOME@2026-01-20T06:00:00Z#synthetic|DRAW@2026-01-20T06:00:00Z#synthetic|AWAY@2026-01-20T06:00:00Z#synthetic,2026-01-20T06:00:00Z,480.0,278,3.78,0.26455026,0.252121,multiplicative,0.04929845,0.238314,0.238314,0.0,320,4.19613755,-0.013807,-0.099172,-0.099172,HOME:UNKNOWN(8470591@0.549)|AWAY:UNKNOWN(8470616@0.800),G:cde00f92eb90b09d,UNKNOWN,R:e54fff69cafca356,nhl-gs-0.1.0,nhl-feat-0.1.0,PR:22465be539be19fb,LC:67c7cb02a1bcdc94,"[""pull_trailing_by_1_seconds"", ""pull_trailing_by_2_seconds"", ""rate_4v4_mult"", ""rate_6v5_attack"", ""rate_empty_net"", ""rate_pp"", ""rate_sh"", ""score_effect_beta"", ""score_effect_beta_p3""]",bcb139690e46,DS:a030b3c61cb6482d,0.9457,BLOCKED,PASS,INELIGIBLE_DEV,"[""HARD_BLOCK:SIMULATED_CLOCK"", ""HARD_BLOCK:STALE_PRICE"", ""HARD_BLOCK:SYNTHETIC_SOURCE""]","[""HARD_BLOCK:SYNTHETIC_SOURCE"", ""HARD_BLOCK:SIMULATED_CLOCK"", ""HARD_BLOCK:STALE_PRICE""]",S:632b72912b2f07b9ea9ea606
P:da8611f4acf841b16001,artifact-v2,2026-01-20T14:00:00Z,2026-01-20T14:00:00Z,2026-01-21T02:00:00Z,FORWARD,SYNTHETIC,DEV_SYNTHETIC,2025020702,REG_3WAY,REGULATION,AWAY,,,,2025020702:REG_3WAY:AWAY,2025020702:REG_3WAY,synthbook,synthetic,HOME@2026-01-20T06:00:00Z#synthetic|DRAW@2026-01-20T06:00:00Z#synthetic|AWAY@2026-01-20T06:00:00Z#synthetic,2026-01-20T06:00:00Z,480.0,161,2.61,0.38314176,0.365141,multiplicative,0.04929845,0.38199,0.38199,0.0,162,2.61787129,0.016849,-0.003007,-0.003007,HOME:UNKNOWN(8470591@0.549)|AWAY:UNKNOWN(8470616@0.800),G:cde00f92eb90b09d,UNKNOWN,R:e54fff69cafca356,nhl-gs-0.1.0,nhl-feat-0.1.0,PR:22465be539be19fb,LC:67c7cb02a1bcdc94,"[""pull_trailing_by_1_seconds"", ""pull_trailing_by_2_seconds"", ""rate_4v4_mult"", ""rate_6v5_attack"", ""rate_empty_net"", ""rate_pp"", ""rate_sh"", ""score_effect_beta"", ""score_effect_beta_p3""]",bcb139690e46,DS:a030b3c61cb6482d,0.9457,BLOCKED,PASS,INELIGIBLE_DEV,"[""HARD_BLOCK:SIMULATED_CLOCK"", ""HARD_BLOCK:STALE_PRICE"", ""HARD_BLOCK:SYNTHETIC_SOURCE""]","[""HARD_BLOCK:SYNTHETIC_SOURCE"", ""HARD_BLOCK:SIMULATED_CLOCK"", ""HARD_BLOCK:STALE_PRICE""]",S:545e6d9560a2e92dd9a27568
P:76e6adfc2dbe0c800194,artifact-v2,2026-01-20T14:00:00Z,2026-01-20T14:00:00Z,2026-01-21T02:00:00Z,FORWARD,SYNTHETIC,DEV_SYNTHETIC,2025020702,TEAM_TOTAL,FULL_GAME,OVER,2.5,COL,,2025020702:TEAM_TOTAL:COL:OVER:+2.5,2025020702:TEAM_TOTAL:COL:+2.5,synthbook,synthetic,OVER@2026-01-20T06:00:00Z#synthetic|UNDER@2026-01-20T06:00:00Z#synthetic,2026-01-20T06:00:00Z,480.0,-109,1.91743119,0.5215311,0.49891,multiplicative,0.04534062,0.641126,0.641126,0.0,-179,1.55975638,0.142216,0.229315,0.229315,HOME:UNKNOWN(8470591@0.549)|AWAY:UNKNOWN(8470616@0.800),G:cde00f92eb90b09d,UNKNOWN,R:e54fff69cafca356,nhl-gs-0.1.0,nhl-feat-0.1.0,PR:22465be539be19fb,LC:67c7cb02a1bcdc94,"[""pull_trailing_by_1_seconds"", ""pull_trailing_by_2_seconds"", ""rate_4v4_mult"", ""rate_6v5_attack"", ""rate_empty_net"", ""rate_pp"", ""rate_sh"", ""score_effect_beta"", ""score_effect_beta_p3""]",bcb139690e46,DS:a030b3c61cb6482d,0.9457,BLOCKED,MODEL_PLUS,INELIGIBLE_DEV,"[""HARD_BLOCK:SIMULATED_CLOCK"", ""HARD_BLOCK:STALE_PRICE"", ""HARD_BLOCK:SYNTHETIC_SOURCE""]","[""HARD_BLOCK:SYNTHETIC_SOURCE"", ""HARD_BLOCK:SIMULATED_CLOCK"", ""HARD_BLOCK:STALE_PRICE""]",S:60f65ef20624bc6b86e94660
P:99f06aa8e25f76ca5135,artifact-v2,2026-01-20T14:00:00Z,2026-01-20T14:00:00Z,2026-01-21T02:00:00Z,FORWARD,SYNTHETIC,DEV_SYNTHETIC,2025020702,TEAM_TOTAL,FULL_GAME,UNDER,2.5,COL,,2025020702:TEAM_TOTAL:COL:UNDER:+2.5,2025020702:TEAM_TOTAL:COL:+2.5,synthbook,synthetic,OVER@2026-01-20T06:00:00Z#synthetic|UNDER@2026-01-20T06:00:00Z#synthetic,2026-01-20T06:00:00Z,480.0,-110,1.90909091,0.52380952,0.50109,multiplicative,0.04534062,0.358874,0.358874,0.0,179,2.78649146,-0.142216,-0.314876,-0.314876,HOME:UNKNOWN(8470591@0.549)|AWAY:UNKNOWN(8470616@0.800),G:cde00f92eb90b09d,UNKNOWN,R:e54fff69cafca356,nhl-gs-0.1.0,nhl-feat-0.1.0,PR:22465be539be19fb,LC:67c7cb02a1bcdc94,"[""pull_trailing_by_1_seconds"", ""pull_trailing_by_2_seconds"", ""rate_4v4_mult"", ""rate_6v5_attack"", ""rate_empty_net"", ""rate_pp"", ""rate_sh"", ""score_effect_beta"", ""score_effect_beta_p3""]",bcb139690e46,DS:a030b3c61cb6482d,0.9457,BLOCKED,PASS,INELIGIBLE_DEV,"[""HARD_BLOCK:SIMULATED_CLOCK"", ""HARD_BLOCK:STALE_PRICE"", ""HARD_BLOCK:SYNTHETIC_SOURCE""]","[""HARD_BLOCK:SYNTHETIC_SOURCE"", ""HARD_BLOCK:SIMULATED_CLOCK"", ""HARD_BLOCK:STALE_PRICE""]",S:a840ae23bb6b4a353cc75acb
P:fdccb90dc86c38d03fcf,artifact-v2,2026-01-20T14:00:00Z,2026-01-20T14:00:00Z,2026-01-21T02:00:00Z,FORWARD,SYNTHETIC,DEV_SYNTHETIC,2025020702,TEAM_TOTAL,FULL_GAME,OVER,2.5,OTT,,2025020702:TEAM_TOTAL:OTT:OVER:+2.5,2025020702:TEAM_TOTAL:OTT:+2.5,synthbook,synthetic,OVER@2026-01-20T06:00:00Z#synthetic|UNDER@2026-01-20T06:00:00Z#synthetic,2026-01-20T06:00:00Z,480.0,-151,1.66225166,0.60159363,0.5762,multiplicative,0.0440715,0.661066,0.661066,0.0,-195,1.51270809,0.084866,0.098858,0.098858,HOME:UNKNOWN(8470591@0.549)|AWAY:UNKNOWN(8470616@0.800),G:cde00f92eb90b09d,UNKNOWN,R:e54fff69cafca356,nhl-gs-0.1.0,nhl-feat-0.1.0,PR:22465be539be19fb,LC:67c7cb02a1bcdc94,"[""pull_trailing_by_1_seconds"", ""pull_trailing_by_2_seconds"", ""rate_4v4_mult"", ""rate_6v5_attack"", ""rate_empty_net"", ""rate_pp"", ""rate_sh"", ""score_effect_beta"", ""score_effect_beta_p3""]",bcb139690e46,DS:a030b3c61cb6482d,0.9457,BLOCKED,MODEL_PLUS,INELIGIBLE_DEV,"[""HARD_BLOCK:SIMULATED_CLOCK"", ""HARD_BLOCK:STALE_PRICE"", ""HARD_BLOCK:SYNTHETIC_SOURCE""]","[""HARD_BLOCK:SYNTHETIC_SOURCE"", ""HARD_BLOCK:SIMULATED_CLOCK"", ""HARD_BLOCK:STALE_PRICE""]",S:42099a400bf7878c07e48a5e
P:61a4bb6be1061d2921a5,artifact-v2,2026-01-20T14:00:00Z,2026-01-20T14:00:00Z,2026-01-21T02:00:00Z,FORWARD,SYNTHETIC,DEV_SYNTHETIC,2025020702,TEAM_TOTAL,FULL_GAME,UNDER,2.5,OTT,,2025020702:TEAM_TOTAL:OTT:UNDER:+2.5,2025020702:TEAM_TOTAL:OTT:+2.5,synthbook,synthetic,OVER@2026-01-20T06:00:00Z#synthetic|UNDER@2026-01-20T06:00:00Z#synthetic,2026-01-20T06:00:00Z,480.0,126,2.26,0.44247788,0.4238,multiplicative,0.0440715,0.338934,0.338934,0.0,195,2.95042759,-0.084866,-0.234009,-0.234009,HOME:UNKNOWN(8470591@0.549)|AWAY:UNKNOWN(8470616@0.800),G:cde00f92eb90b09d,UNKNOWN,R:e54fff69cafca356,nhl-gs-0.1.0,nhl-feat-0.1.0,PR:22465be539be19fb,LC:67c7cb02a1bcdc94,"[""pull_trailing_by_1_seconds"", ""pull_trailing_by_2_seconds"", ""rate_4v4_mult"", ""rate_6v5_attack"", ""rate_empty_net"", ""rate_pp"", ""rate_sh"", ""score_effect_beta"", ""score_effect_beta_p3""]",bcb139690e46,DS:a030b3c61cb6482d,0.9457,BLOCKED,PASS,INELIGIBLE_DEV,"[""HARD_BLOCK:SIMULATED_CLOCK"", ""HARD_BLOCK:STALE_PRICE"", ""HARD_BLOCK:SYNTHETIC_SOURCE""]","[""HARD_BLOCK:SYNTHETIC_SOURCE"", ""HARD_BLOCK:SIMULATED_CLOCK"", ""HARD_BLOCK:STALE_PRICE""]",S:b84807685255b907ab61ea07
P:e7823b30561567211f45,artifact-v2,2026-01-20T14:00:00Z,2026-01-20T14:00:00Z,2026-01-21T02:00:00Z,FORWARD,SYNTHETIC,DEV_SYNTHETIC,2025020702,TOTAL,FULL_GAME,OVER,6.5,,,2025020702:TOTAL:OVER:+6.5,2025020702:TOTAL:+6.5,synthbook,synthetic,OVER@2026-01-20T06:00:00Z#synthetic|UNDER@2026-01-20T06:00:00Z#synthetic,2026-01-20T06:00:00Z,480.0,125,2.25,0.44444444,0.425532,multiplicative,0.04444444,0.507877,0.507877,0.0,-103,1.96898023,0.082345,0.142724,0.142724,HOME:UNKNOWN(8470591@0.549)|AWAY:UNKNOWN(8470616@0.800),G:cde00f92eb90b09d,UNKNOWN,R:e54fff69cafca356,nhl-gs-0.1.0,nhl-feat-0.1.0,PR:22465be539be19fb,LC:67c7cb02a1bcdc94,"[""pull_trailing_by_1_seconds"", ""pull_trailing_by_2_seconds"", ""rate_4v4_mult"", ""rate_6v5_attack"", ""rate_empty_net"", ""rate_pp"", ""rate_sh"", ""score_effect_beta"", ""score_effect_beta_p3""]",bcb139690e46,DS:a030b3c61cb6482d,0.9457,BLOCKED,MODEL_PLUS,INELIGIBLE_DEV,"[""HARD_BLOCK:SIMULATED_CLOCK"", ""HARD_BLOCK:STALE_PRICE"", ""HARD_BLOCK:SYNTHETIC_SOURCE""]","[""HARD_BLOCK:SYNTHETIC_SOURCE"", ""HARD_BLOCK:SIMULATED_CLOCK"", ""HARD_BLOCK:STALE_PRICE""]",S:be8be936c47bc4cb20a8c919
P:c855d73d5951575b2e61,artifact-v2,2026-01-20T14:00:00Z,2026-01-20T14:00:00Z,2026-01-21T02:00:00Z,FORWARD,SYNTHETIC,DEV_SYNTHETIC,2025020702,TOTAL,FULL_GAME,UNDER,6.5,,,2025020702:TOTAL:UNDER:+6.5,2025020702:TOTAL:+6.5,synthbook,synthetic,OVER@2026-01-20T06:00:00Z#synthetic|UNDER@2026-01-20T06:00:00Z#synthetic,2026-01-20T06:00:00Z,480.0,-150,1.66666667,0.6,0.574468,multiplicative,0.04444444,0.492123,0.492123,0.0,103,2.0320128,-0.082345,-0.179795,-0.179795,HOME:UNKNOWN(8470591@0.549)|AWAY:UNKNOWN(8470616@0.800),G:cde00f92eb90b09d,UNKNOWN,R:e54fff69cafca356,nhl-gs-0.1.0,nhl-feat-0.1.0,PR:22465be539be19fb,LC:67c7cb02a1bcdc94,"[""pull_trailing_by_1_seconds"", ""pull_trailing_by_2_seconds"", ""rate_4v4_mult"", ""rate_6v5_attack"", ""rate_empty_net"", ""rate_pp"", ""rate_sh"", ""score_effect_beta"", ""score_effect_beta_p3""]",bcb139690e46,DS:a030b3c61cb6482d,0.9457,BLOCKED,PASS,INELIGIBLE_DEV,"[""HARD_BLOCK:SIMULATED_CLOCK"", ""HARD_BLOCK:STALE_PRICE"", ""HARD_BLOCK:SYNTHETIC_SOURCE""]","[""HARD_BLOCK:SYNTHETIC_SOURCE"", ""HARD_BLOCK:SIMULATED_CLOCK"", ""HARD_BLOCK:STALE_PRICE""]",S:e474821de790c71c0d850686
P:7799717ec62b0a14b19d,artifact-v2,2026-01-20T14:00:00Z,2026-01-20T14:00:00Z,2026-01-21T02:00:00Z,FORWARD,SYNTHETIC,DEV_SYNTHETIC,2025020703,ML,FULL_GAME,HOME,,,,2025020703:ML:HOME,2025020703:ML,synthbook,synthetic,HOME@2026-01-20T06:00:00Z#synthetic|AWAY@2026-01-20T06:00:00Z#synthetic,2026-01-20T06:00:00Z,480.0,-147,1.68027211,0.5951417,0.569191,multiplicative,0.04559215,0.585493,0.585493,0.0,-141,1.70796235,0.016302,-0.016212,-0.016212,HOME:UNKNOWN(8470597@0.599)|AWAY:UNKNOWN(8470588@0.599),G:45b389a6a3d46df9,UNKNOWN,R:4a78ef6c56bf9108,nhl-gs-0.1.0,nhl-feat-0.1.0,PR:22465be539be19fb,LC:67c7cb02a1bcdc94,"[""pull_trailing_by_1_seconds"", ""pull_trailing_by_2_seconds"", ""rate_4v4_mult"", ""rate_6v5_attack"", ""rate_empty_net"", ""rate_pp"", ""rate_sh"", ""score_effect_beta"", ""score_effect_beta_p3""]",bcb139690e46,DS:a030b3c61cb6482d,0.9457,BLOCKED,PASS,INELIGIBLE_DEV,"[""HARD_BLOCK:SIMULATED_CLOCK"", ""HARD_BLOCK:STALE_PRICE"", ""HARD_BLOCK:SYNTHETIC_SOURCE""]","[""HARD_BLOCK:SYNTHETIC_SOURCE"", ""HARD_BLOCK:SIMULATED_CLOCK"", ""HARD_BLOCK:STALE_PRICE""]",S:e6d3551fa2fa374a009abf11
P:3dc1239e019edbf31f50,artifact-v2,2026-01-20T14:00:00Z,2026-01-20T14:00:00Z,2026-01-21T02:00:00Z,FORWARD,SYNTHETIC,DEV_SYNTHETIC,2025020703,ML,FULL_GAME,AWAY,,,,2025020703:ML:AWAY,2025020703:ML,synthbook,synthetic,HOME@2026-01-20T06:00:00Z#synthetic|AWAY@2026-01-20T06:00:00Z#synthetic,2026-01-20T06:00:00Z,480.0,122,2.22,0.45045045,0.430809,multiplicative,0.04559215,0.414507,0.414507,0.0,141,2.41250448,-0.016302,-0.079794,-0.079794,HOME:UNKNOWN(8470597@0.599)|AWAY:UNKNOWN(8470588@0.599),G:45b389a6a3d46df9,UNKNOWN,R:4a78ef6c56bf9108,nhl-gs-0.1.0,nhl-feat-0.1.0,PR:22465be539be19fb,LC:67c7cb02a1bcdc94,"[""pull_trailing_by_1_seconds"", ""pull_trailing_by_2_seconds"", ""rate_4v4_mult"", ""rate_6v5_attack"", ""rate_empty_net"", ""rate_pp"", ""rate_sh"", ""score_effect_beta"", ""score_effect_beta_p3""]",bcb139690e46,DS:a030b3c61cb6482d,0.9457,BLOCKED,PASS,INELIGIBLE_DEV,"[""HARD_BLOCK:SIMULATED_CLOCK"", ""HARD_BLOCK:STALE_PRICE"", ""HARD_BLOCK:SYNTHETIC_SOURCE""]","[""HARD_BLOCK:SYNTHETIC_SOURCE"", ""HARD_BLOCK:SIMULATED_CLOCK"", ""HARD_BLOCK:STALE_PRICE""]",S:a4dd5f41939cf39b6f71edb1
P:d0296c78244a65f92d8a,artifact-v2,2026-01-20T14:00:00Z,2026-01-20T14:00:00Z,2026-01-21T02:00:00Z,FORWARD,SYNTHETIC,DEV_SYNTHETIC,2025020703,PUCK_LINE,FULL_GAME,HOME,-1.5,,,2025020703:PUCK_LINE:HOME:-1.5,2025020703:PUCK_LINE:-1.5,synthbook,synthetic,HOME@2026-01-20T06:00:00Z#synthetic|AWAY@2026-01-20T06:00:00Z#synthetic,2026-01-20T06:00:00Z,480.0,284,3.84,0.26041667,0.249227,multiplicative,0.04489943,0.345223,0.345223,0.0,190,2.89667578,0.095997,0.325658,0.325658,HOME:UNKNOWN(8470597@0.599)|AWAY:UNKNOWN(8470588@0.599),G:45b389a6a3d46df9,UNKNOWN,R:4a78ef6c56bf9108,nhl-gs-0.1.0,nhl-feat-0.1.0,PR:22465be539be19fb,LC:67c7cb02a1bcdc94,"[""pull_trailing_by_1_seconds"", ""pull_trailing_by_2_seconds"", ""rate_4v4_mult"", ""rate_6v5_attack"", ""rate_empty_net"", ""rate_pp"", ""rate_sh"", ""score_effect_beta"", ""score_effect_beta_p3""]",bcb139690e46,DS:a030b3c61cb6482d,0.9457,BLOCKED,MODEL_PLUS,INELIGIBLE_DEV,"[""HARD_BLOCK:SIMULATED_CLOCK"", ""HARD_BLOCK:STALE_PRICE"", ""HARD_BLOCK:SYNTHETIC_SOURCE""]","[""HARD_BLOCK:SYNTHETIC_SOURCE"", ""HARD_BLOCK:SIMULATED_CLOCK"", ""HARD_BLOCK:STALE_PRICE""]",S:ef58e3d18d389eedc71e5ae9
P:f350130a1f6b82537d9a,artifact-v2,2026-01-20T14:00:00Z,2026-01-20T14:00:00Z,2026-01-21T02:00:00Z,FORWARD,SYNTHETIC,DEV_SYNTHETIC,2025020703,PUCK_LINE,FULL_GAME,AWAY,1.5,,,2025020703:PUCK_LINE:AWAY:+1.5,2025020703:PUCK_LINE:-1.5,synthbook,synthetic,HOME@2026-01-20T06:00:00Z#synthetic|AWAY@2026-01-20T06:00:00Z#synthetic,2026-01-20T06:00:00Z,480.0,-364,1.27472527,0.78448276,0.750773,multiplicative,0.04489943,0.654777,0.654777,0.0,-190,1.52723824,-0.095997,-0.16534,-0.16534,HOME:UNKNOWN(8470597@0.599)|AWAY:UNKNOWN(8470588@0.599),G:45b389a6a3d46df9,UNKNOWN,R:4a78ef6c56bf9108,nhl-gs-0.1.0,nhl-feat-0.1.0,PR:22465be539be19fb,LC:67c7cb02a1bcdc94,"[""pull_trailing_by_1_seconds"", ""pull_trailing_by_2_seconds"", ""rate_4v4_mult"", ""rate_6v5_attack"", ""rate_empty_net"", ""rate_pp"", ""rate_sh"", ""score_effect_beta"", ""score_effect_beta_p3""]",bcb139690e46,DS:a030b3c61cb6482d,0.9457,BLOCKED,PASS,INELIGIBLE_DEV,"[""HARD_BLOCK:SIMULATED_CLOCK"", ""HARD_BLOCK:STALE_PRICE"", ""HARD_BLOCK:SYNTHETIC_SOURCE""]","[""HARD_BLOCK:SYNTHETIC_SOURCE"", ""HARD_BLOCK:SIMULATED_CLOCK"", ""HARD_BLOCK:STALE_PRICE""]",S:43a7413c62f66ce6a434cdb0
P:f12185d71d815eb22a56,artifact-v2,2026-01-20T14:00:00Z,2026-01-20T14:00:00Z,2026-01-21T02:00:00Z,FORWARD,SYNTHETIC,DEV_SYNTHETIC,2025020703,REG_3WAY,REGULATION,HOME,,,,2025020703:REG_3WAY:HOME,2025020703:REG_3WAY,synthbook,synthetic,HOME@2026-01-20T06:00:00Z#synthetic|DRAW@2026-01-20T06:00:00Z#synthetic|AWAY@2026-01-20T06:00:00Z#synthetic,2026-01-20T06:00:00Z,480.0,119,2.19,0.456621,0.434611,multiplicative,0.05064398,0.47166,0.47166,0.0,112,2.12017291,0.037049,0.032935,0.032935,HOME:UNKNOWN(8470597@0.599)|AWAY:UNKNOWN(8470588@0.599),G:45b389a6a3d46df9,UNKNOWN,R:4a78ef6c56bf9108,nhl-gs-0.1.0,nhl-feat-0.1.0,PR:22465be539be19fb,LC:67c7cb02a1bcdc94,"[""pull_trailing_by_1_seconds"", ""pull_trailing_by_2_seconds"", ""rate_4v4_mult"", ""rate_6v5_attack"", ""rate_empty_net"", ""rate_pp"", ""rate_sh"", ""score_effect_beta"", ""score_effect_beta_p3""]",bcb139690e46,DS:a030b3c61cb6482d,0.9457,BLOCKED,WATCH,INELIGIBLE_DEV,"[""HARD_BLOCK:SIMULATED_CLOCK"", ""HARD_BLOCK:STALE_PRICE"", ""HARD_BLOCK:SYNTHETIC_SOURCE""]","[""HARD_BLOCK:SYNTHETIC_SOURCE"", ""HARD_BLOCK:SIMULATED_CLOCK"", ""HARD_BLOCK:STALE_PRICE""]",S:9b15285f93de0c3716e24f37
P:4455e4f4b56b81a63362,artifact-v2,2026-01-20T14:00:00Z,2026-01-20T14:00:00Z,2026-01-21T02:00:00Z,FORWARD,SYNTHETIC,DEV_SYNTHETIC,2025020703,REG_3WAY,REGULATION,DRAW,,,,2025020703:REG_3WAY:DRAW,2025020703:REG_3WAY,synthbook,synthetic,HOME@2026-01-20T06:00:00Z#synthetic|DRAW@2026-01-20T06:00:00Z#synthetic|AWAY@2026-01-20T06:00:00Z#synthetic,2026-01-20T06:00:00Z,480.0,267,3.67,0.27247956,0.259345,multiplicative,0.05064398,0.221094,0.221094,0.0,352,4.52295473,-0.038251,-0.188584,-0.188584,HOME:UNKNOWN(8470597@0.599)|AWAY:UNKNOWN(8470588@0.599),G:45b389a6a3d46df9,UNKNOWN,R:4a78ef6c56bf9108,nhl-gs-0.1.0,nhl-feat-0.1.0,PR:22465be539be19fb,LC:67c7cb02a1bcdc94,"[""pull_trailing_by_1_seconds"", ""pull_trailing_by_2_seconds"", ""rate_4v4_mult"", ""rate_6v5_attack"", ""rate_empty_net"", ""rate_pp"", ""rate_sh"", ""score_effect_beta"", ""score_effect_beta_p3""]",bcb139690e46,DS:a030b3c61cb6482d,0.9457,BLOCKED,PASS,INELIGIBLE_DEV,"[""HARD_BLOCK:SIMULATED_CLOCK"", ""HARD_BLOCK:STALE_PRICE"", ""HARD_BLOCK:SYNTHETIC_SOURCE""]","[""HARD_BLOCK:SYNTHETIC_SOURCE"", ""HARD_BLOCK:SIMULATED_CLOCK"", ""HARD_BLOCK:STALE_PRICE""]",S:33c7d4cba88a5b7a4ffa1f0d
P:d077a9b2c6fc3c62f943,artifact-v2,2026-01-20T14:00:00Z,2026-01-20T14:00:00Z,2026-01-21T02:00:00Z,FORWARD,SYNTHETIC,DEV_SYNTHETIC,2025020703,REG_3WAY,REGULATION,AWAY,,,,2025020703:REG_3WAY:AWAY,2025020703:REG_3WAY,synthbook,synthetic,HOME@2026-01-20T06:00:00Z#synthetic|DRAW@2026-01-20T06:00:00Z#synthetic|AWAY@2026-01-20T06:00:00Z#synthetic,2026-01-20T06:00:00Z,480.0,211,3.11,0.32154341,0.306044,multiplicative,0.05064398,0.307246,0.307246,0.0,225,3.25472154,0.001202,-0.044465,-0.044465,HOME:UNKNOWN(8470597@0.599)|AWAY:UNKNOWN(8470588@0.599),G:45b389a6a3d46df9,UNKNOWN,R:4a78ef6c56bf9108,nhl-gs-0.1.0,nhl-feat-0.1.0,PR:22465be539be19fb,LC:67c7cb02a1bcdc94,"[""pull_trailing_by_1_seconds"", ""pull_trailing_by_2_seconds"", ""rate_4v4_mult"", ""rate_6v5_attack"", ""rate_empty_net"", ""rate_pp"", ""rate_sh"", ""score_effect_beta"", ""score_effect_beta_p3""]",bcb139690e46,DS:a030b3c61cb6482d,0.9457,BLOCKED,PASS,INELIGIBLE_DEV,"[""HARD_BLOCK:SIMULATED_CLOCK"", ""HARD_BLOCK:STALE_PRICE"", ""HARD_BLOCK:SYNTHETIC_SOURCE""]","[""HARD_BLOCK:SYNTHETIC_SOURCE"", ""HARD_BLOCK:SIMULATED_CLOCK"", ""HARD_BLOCK:STALE_PRICE""]",S:796332aa4592577e0253d697
P:5a8cc27f41012ff87ec0,artifact-v2,2026-01-20T14:00:00Z,2026-01-20T14:00:00Z,2026-01-21T02:00:00Z,FORWARD,SYNTHETIC,DEV_SYNTHETIC,2025020703,TEAM_TOTAL,FULL_GAME,OVER,2.5,CGY,,2025020703:TEAM_TOTAL:CGY:OVER:+2.5,2025020703:TEAM_TOTAL:CGY:+2.5,synthbook,synthetic,OVER@2026-01-20T06:00:00Z#synthetic|UNDER@2026-01-20T06:00:00Z#synthetic,2026-01-20T06:00:00Z,480.0,-181,1.55248619,0.64412811,0.616905,multiplicative,0.04412811,0.562407,0.562407,0.0,-129,1.7780702,-0.054498,-0.12687,-0.12687,HOME:UNKNOWN(8470597@0.599)|AWAY:UNKNOWN(8470588@0.599),G:45b389a6a3d46df9,UNKNOWN,R:4a78ef6c56bf9108,nhl-gs-0.1.0,nhl-feat-0.1.0,PR:22465be539be19fb,LC:67c7cb02a1bcdc94,"[""pull_trailing_by_1_seconds"", ""pull_trailing_by_2_seconds"", ""rate_4v4_mult"", ""rate_6v5_attack"", ""rate_empty_net"", ""rate_pp"", ""rate_sh"", ""score_effect_beta"", ""score_effect_beta_p3""]",bcb139690e46,DS:a030b3c61cb6482d,0.9457,BLOCKED,PASS,INELIGIBLE_DEV,"[""HARD_BLOCK:SIMULATED_CLOCK"", ""HARD_BLOCK:STALE_PRICE"", ""HARD_BLOCK:SYNTHETIC_SOURCE""]","[""HARD_BLOCK:SYNTHETIC_SOURCE"", ""HARD_BLOCK:SIMULATED_CLOCK"", ""HARD_BLOCK:STALE_PRICE""]",S:6533dc365069f6be82892bb9
P:c9c72d2f1bd4658e4367,artifact-v2,2026-01-20T14:00:00Z,2026-01-20T14:00:00Z,2026-01-21T02:00:00Z,FORWARD,SYNTHETIC,DEV_SYNTHETIC,2025020703,TEAM_TOTAL,FULL_GAME,UNDER,2.5,CGY,,2025020703:TEAM_TOTAL:CGY:UNDER:+2.5,2025020703:TEAM_TOTAL:CGY:+2.5,synthbook,synthetic,OVER@2026-01-20T06:00:00Z#synthetic|UNDER@2026-01-20T06:00:00Z#synthetic,2026-01-20T06:00:00Z,480.0,150,2.5,0.4,0.383095,multiplicative,0.04412811,0.437593,0.437593,0.0,129,2.28523107,0.054498,0.093981,0.093981,HOME:UNKNOWN(8470597@0.599)|AWAY:UNKNOWN(8470588@0.599),G:45b389a6a3d46df9,UNKNOWN,R:4a78ef6c56bf9108,nhl-gs-0.1.0,nhl-feat-0.1.0,PR:22465be539be19fb,LC:67c7cb02a1bcdc94,"[""pull_trailing_by_1_seconds"", ""pull_trailing_by_2_seconds"", ""rate_4v4_mult"", ""rate_6v5_attack"", ""rate_empty_net"", ""rate_pp"", ""rate_sh"", ""score_effect_beta"", ""score_effect_beta_p3""]",bcb139690e46,DS:a030b3c61cb6482d,0.9457,BLOCKED,MODEL_PLUS,INELIGIBLE_DEV,"[""HARD_BLOCK:SIMULATED_CLOCK"", ""HARD_BLOCK:STALE_PRICE"", ""HARD_BLOCK:SYNTHETIC_SOURCE""]","[""HARD_BLOCK:SYNTHETIC_SOURCE"", ""HARD_BLOCK:SIMULATED_CLOCK"", ""HARD_BLOCK:STALE_PRICE""]",S:5ab9a7d09b26b0df4292a37d
P:fcee04f8d0c243d8ab14,artifact-v2,2026-01-20T14:00:00Z,2026-01-20T14:00:00Z,2026-01-21T02:00:00Z,FORWARD,SYNTHETIC,DEV_SYNTHETIC,2025020703,TEAM_TOTAL,FULL_GAME,OVER,2.5,EDM,,2025020703:TEAM_TOTAL:EDM:OVER:+2.5,2025020703:TEAM_TOTAL:EDM:+2.5,synthbook,synthetic,OVER@2026-01-20T06:00:00Z#synthetic|UNDER@2026-01-20T06:00:00Z#synthetic,2026-01-20T06:00:00Z,480.0,-255,1.39215686,0.71830986,0.687307,multiplicative,0.04510724,0.679066,0.679066,0.0,-212,1.47261134,-0.008242,-0.054634,-0.054634,HOME:UNKNOWN(8470597@0.599)|AWAY:UNKNOWN(8470588@0.599),G:45b389a6a3d46df9,UNKNOWN,R:4a78ef6c56bf9108,nhl-gs-0.1.0,nhl-feat-0.1.0,PR:22465be539be19fb,LC:67c7cb02a1bcdc94,"[""pull_trailing_by_1_seconds"", ""pull_trailing_by_2_seconds"", ""rate_4v4_mult"", ""rate_6v5_attack"", ""rate_empty_net"", ""rate_pp"", ""rate_sh"", ""score_effect_beta"", ""score_effect_beta_p3""]",bcb139690e46,DS:a030b3c61cb6482d,0.9457,BLOCKED,PASS,INELIGIBLE_DEV,"[""HARD_BLOCK:SIMULATED_CLOCK"", ""HARD_BLOCK:STALE_PRICE"", ""HARD_BLOCK:SYNTHETIC_SOURCE""]","[""HARD_BLOCK:SYNTHETIC_SOURCE"", ""HARD_BLOCK:SIMULATED_CLOCK"", ""HARD_BLOCK:STALE_PRICE""]",S:946fe4eb85fae3d4d5b4481f
P:e5eb7cb96ad7d3bf3eb7,artifact-v2,2026-01-20T14:00:00Z,2026-01-20T14:00:00Z,2026-01-21T02:00:00Z,FORWARD,SYNTHETIC,DEV_SYNTHETIC,2025020703,TEAM_TOTAL,FULL_GAME,UNDER,2.5,EDM,,2025020703:TEAM_TOTAL:EDM:UNDER:+2.5,2025020703:TEAM_TOTAL:EDM:+2.5,synthbook,synthetic,OVER@2026-01-20T06:00:00Z#synthetic|UNDER@2026-01-20T06:00:00Z#synthetic,2026-01-20T06:00:00Z,480.0,206,3.06,0.32679739,0.312693,multiplicative,0.04510724,0.320934,0.320934,0.0,212,3.11590354,0.008242,-0.017941,-0.017941,HOME:UNKNOWN(8470597@0.599)|AWAY:UNKNOWN(8470588@0.599),G:45b389a6a3d46df9,UNKNOWN,R:4a78ef6c56bf9108,nhl-gs-0.1.0,nhl-feat-0.1.0,PR:22465be539be19fb,LC:67c7cb02a1bcdc94,"[""pull_trailing_by_1_seconds"", ""pull_trailing_by_2_seconds"", ""rate_4v4_mult"", ""rate_6v5_attack"", ""rate_empty_net"", ""rate_pp"", ""rate_sh"", ""score_effect_beta"", ""score_effect_beta_p3""]",bcb139690e46,DS:a030b3c61cb6482d,0.9457,BLOCKED,PASS,INELIGIBLE_DEV,"[""HARD_BLOCK:SIMULATED_CLOCK"", ""HARD_BLOCK:STALE_PRICE"", ""HARD_BLOCK:SYNTHETIC_SOURCE""]","[""HARD_BLOCK:SYNTHETIC_SOURCE"", ""HARD_BLOCK:SIMULATED_CLOCK"", ""HARD_BLOCK:STALE_PRICE""]",S:572ffa77c8b93a0ca4cccf7a
P:55cad92a9a36a781c09a,artifact-v2,2026-01-20T14:00:00Z,2026-01-20T14:00:00Z,2026-01-21T02:00:00Z,FORWARD,SYNTHETIC,DEV_SYNTHETIC,2025020703,TOTAL,FULL_GAME,OVER,6.5,,,2025020703:TOTAL:OVER:+6.5,2025020703:TOTAL:+6.5,synthbook,synthetic,OVER@2026-01-20T06:00:00Z#synthetic|UNDER@2026-01-20T06:00:00Z#synthetic,2026-01-20T06:00:00Z,480.0,-103,1.97087379,0.50738916,0.484816,multiplicative,0.04655967,0.455165,0.455165,0.0,120,2.19700531,-0.029651,-0.102927,-0.102927,HOME:UNKNOWN(8470597@0.599)|AWAY:UNKNOWN(8470588@0.599),G:45b389a6a3d46df9,UNKNOWN,R:4a78ef6c56bf9108,nhl-gs-0.1.0,nhl-feat-0.1.0,PR:22465be539be19fb,LC:67c7cb02a1bcdc94,"[""pull_trailing_by_1_seconds"", ""pull_trailing_by_2_seconds"", ""rate_4v4_mult"", ""rate_6v5_attack"", ""rate_empty_net"", ""rate_pp"", ""rate_sh"", ""score_effect_beta"", ""score_effect_beta_p3""]",bcb139690e46,DS:a030b3c61cb6482d,0.9457,BLOCKED,PASS,INELIGIBLE_DEV,"[""HARD_BLOCK:SIMULATED_CLOCK"", ""HARD_BLOCK:STALE_PRICE"", ""HARD_BLOCK:SYNTHETIC_SOURCE""]","[""HARD_BLOCK:SYNTHETIC_SOURCE"", ""HARD_BLOCK:SIMULATED_CLOCK"", ""HARD_BLOCK:STALE_PRICE""]",S:fea78076c86f6c9059ad3fd6
P:c4a6407b1391993e8fee,artifact-v2,2026-01-20T14:00:00Z,2026-01-20T14:00:00Z,2026-01-21T02:00:00Z,FORWARD,SYNTHETIC,DEV_SYNTHETIC,2025020703,TOTAL,FULL_GAME,UNDER,6.5,,,2025020703:TOTAL:UNDER:+6.5,2025020703:TOTAL:+6.5,synthbook,synthetic,OVER@2026-01-20T06:00:00Z#synthetic|UNDER@2026-01-20T06:00:00Z#synthetic,2026-01-20T06:00:00Z,480.0,-117,1.85470085,0.53917051,0.515184,multiplicative,0.04655967,0.544835,0.544835,0.0,-120,1.83541818,0.029651,0.010506,0.010506,HOME:UNKNOWN(8470597@0.599)|AWAY:UNKNOWN(8470588@0.599),G:45b389a6a3d46df9,UNKNOWN,R:4a78ef6c56bf9108,nhl-gs-0.1.0,nhl-feat-0.1.0,PR:22465be539be19fb,LC:67c7cb02a1bcdc94,"[""pull_trailing_by_1_seconds"", ""pull_trailing_by_2_seconds"", ""rate_4v4_mult"", ""rate_6v5_attack"", ""rate_empty_net"", ""rate_pp"", ""rate_sh"", ""score_effect_beta"", ""score_effect_beta_p3""]",bcb139690e46,DS:a030b3c61cb6482d,0.9457,BLOCKED,WATCH,INELIGIBLE_DEV,"[""HARD_BLOCK:SIMULATED_CLOCK"", ""HARD_BLOCK:STALE_PRICE"", ""HARD_BLOCK:SYNTHETIC_SOURCE""]","[""HARD_BLOCK:SYNTHETIC_SOURCE"", ""HARD_BLOCK:SIMULATED_CLOCK"", ""HARD_BLOCK:STALE_PRICE""]",S:a74231a2be2ccb733a3173d6
P:03275cc26bc756d3f709,artifact-v2,2026-01-20T14:00:00Z,2026-01-20T14:00:00Z,2026-01-21T02:00:00Z,FORWARD,SYNTHETIC,DEV_SYNTHETIC,2025020704,ML,FULL_GAME,HOME,,,,2025020704:ML:HOME,2025020704:ML,synthbook,synthetic,HOME@2026-01-20T06:00:00Z#synthetic|AWAY@2026-01-20T06:00:00Z#synthetic,2026-01-20T06:00:00Z,480.0,109,2.09,0.4784689,0.457616,multiplicative,0.04556847,0.507508,0.507508,0.0,-103,1.97041148,0.049892,0.060692,0.060692,HOME:UNKNOWN(8470624@0.549)|AWAY:UNKNOWN(8470637@0.565),G:26d552dd634b787a,UNKNOWN,R:f6f34ead09663513,nhl-gs-0.1.0,nhl-feat-0.1.0,PR:22465be539be19fb,LC:67c7cb02a1bcdc94,"[""pull_trailing_by_1_seconds"", ""pull_trailing_by_2_seconds"", ""rate_4v4_mult"", ""rate_6v5_attack"", ""rate_empty_net"", ""rate_pp"", ""rate_sh"", ""score_effect_beta"", ""score_effect_beta_p3""]",bcb139690e46,DS:a030b3c61cb6482d,0.9457,BLOCKED,MODEL_PLUS,INELIGIBLE_DEV,"[""HARD_BLOCK:SIMULATED_CLOCK"", ""HARD_BLOCK:STALE_PRICE"", ""HARD_BLOCK:SYNTHETIC_SOURCE""]","[""HARD_BLOCK:SYNTHETIC_SOURCE"", ""HARD_BLOCK:SIMULATED_CLOCK"", ""HARD_BLOCK:STALE_PRICE""]",S:b33b38755280fd83caecfb36
P:d1114485d73d209efae4,artifact-v2,2026-01-20T14:00:00Z,2026-01-20T14:00:00Z,2026-01-21T02:00:00Z,FORWARD,SYNTHETIC,DEV_SYNTHETIC,2025020704,ML,FULL_GAME,AWAY,,,,2025020704:ML:AWAY,2025020704:ML,synthbook,synthetic,HOME@2026-01-20T06:00:00Z#synthetic|AWAY@2026-01-20T06:00:00Z#synthetic,2026-01-20T06:00:00Z,480.0,-131,1.76335878,0.56709957,0.542384,multiplicative,0.04556847,0.492492,0.492492,0.0,103,2.03049069,-0.049892,-0.13156,-0.13156,HOME:UNKNOWN(8470624@0.549)|AWAY:UNKNOWN(8470637@0.565),G:26d552dd634b787a,UNKNOWN,R:f6f34ead09663513,nhl-gs-0.1.0,nhl-feat-0.1.0,PR:22465be539be19fb,LC:67c7cb02a1bcdc94,"[""pull_trailing_by_1_seconds"", ""pull_trailing_by_2_seconds"", ""rate_4v4_mult"", ""rate_6v5_attack"", ""rate_empty_net"", ""rate_pp"", ""rate_sh"", ""score_effect_beta"", ""score_effect_beta_p3""]",bcb139690e46,DS:a030b3c61cb6482d,0.9457,BLOCKED,PASS,INELIGIBLE_DEV,"[""HARD_BLOCK:SIMULATED_CLOCK"", ""HARD_BLOCK:STALE_PRICE"", ""HARD_BLOCK:SYNTHETIC_SOURCE""]","[""HARD_BLOCK:SYNTHETIC_SOURCE"", ""HARD_BLOCK:SIMULATED_CLOCK"", ""HARD_BLOCK:STALE_PRICE""]",S:59c0007bf143a6bc569ddebf
P:51e819c918f85a09cb18,artifact-v2,2026-01-20T14:00:00Z,2026-01-20T14:00:00Z,2026-01-21T02:00:00Z,FORWARD,SYNTHETIC,DEV_SYNTHETIC,2025020704,PUCK_LINE,FULL_GAME,HOME,-1.5,,,2025020704:PUCK_LINE:HOME:-1.5,2025020704:PUCK_LINE:-1.5,synthbook,synthetic,HOME@2026-01-20T06:00:00Z#synthetic|AWAY@2026-01-20T06:00:00Z#synthetic,2026-01-20T06:00:00Z,480.0,210,3.1,0.32258065,0.308521,multiplicative,0.04557233,0.271617,0.271617,0.0,268,3.68164957,-0.036903,-0.157986,-0.157986,HOME:UNKNOWN(8470624@0.549)|AWAY:UNKNOWN(8470637@0.565),G:26d552dd634b787a,UNKNOWN,R:f6f34ead09663513,nhl-gs-0.1.0,nhl-feat-0.1.0,PR:22465be539be19fb,LC:67c7cb02a1bcdc94,"[""pull_trailing_by_1_seconds"", ""pull_trailing_by_2_seconds"", ""rate_4v4_mult"", ""rate_6v5_attack"", ""rate_empty_net"", ""rate_pp"", ""rate_sh"", ""score_effect_beta"", ""score_effect_beta_p3""]",bcb139690e46,DS:a030b3c61cb6482d,0.9457,BLOCKED,PASS,INELIGIBLE_DEV,"[""HARD_BLOCK:SIMULATED_CLOCK"", ""HARD_BLOCK:STALE_PRICE"", ""HARD_BLOCK:SYNTHETIC_SOURCE""]","[""HARD_BLOCK:SYNTHETIC_SOURCE"", ""HARD_BLOCK:SIMULATED_CLOCK"", ""HARD_BLOCK:STALE_PRICE""]",S:a1e46d3bc25931c29db3f55e
P:b6d49823b42844b83263,artifact-v2,2026-01-20T14:00:00Z,2026-01-20T14:00:00Z,2026-01-21T02:00:00Z,FORWARD,SYNTHETIC,DEV_SYNTHETIC,2025020704,PUCK_LINE,FULL_GAME,AWAY,1.5,,,2025020704:PUCK_LINE:AWAY:+1.5,2025020704:PUCK_LINE:-1.5,synthbook,synthetic,HOME@2026-01-20T06:00:00Z#synthetic|AWAY@2026-01-20T06:00:00Z#synthetic,2026-01-20T06:00:00Z,480.0,-261,1.38314176,0.72299169,0.691479,multiplicative,0.04557233,0.728383,0.728383,0.0,-268,1.3729048,0.036903,0.007456,0.007456,HOME:UNKNOWN(8470624@0.549)|AWAY:UNKNOWN(8470637@0.565),G:26d552dd634b787a,UNKNOWN,R:f6f34ead09663513,nhl-gs-0.1.0,nhl-feat-0.1.0,PR:22465be539be19fb,LC:67c7cb02a1bcdc94,"[""pull_trailing_by_1_seconds"", ""pull_trailing_by_2_seconds"", ""rate_4v4_mult"", ""rate_6v5_attack"", ""rate_empty_net"", ""rate_pp"", ""rate_sh"", ""score_effect_beta"", ""score_effect_beta_p3""]",bcb139690e46,DS:a030b3c61cb6482d,0.9457,BLOCKED,WATCH,INELIGIBLE_DEV,"[""HARD_BLOCK:SIMULATED_CLOCK"", ""HARD_BLOCK:STALE_PRICE"", ""HARD_BLOCK:SYNTHETIC_SOURCE""]","[""HARD_BLOCK:SYNTHETIC_SOURCE"", ""HARD_BLOCK:SIMULATED_CLOCK"", ""HARD_BLOCK:STALE_PRICE""]",S:2659d447d8ffe59f5efa8610
P:a9547618c67909c613e4,artifact-v2,2026-01-20T14:00:00Z,2026-01-20T14:00:00Z,2026-01-21T02:00:00Z,FORWARD,SYNTHETIC,DEV_SYNTHETIC,2025020704,REG_3WAY,REGULATION,HOME,,,,2025020704:REG_3WAY:HOME,2025020704:REG_3WAY,synthbook,synthetic,HOME@2026-01-20T06:00:00Z#synthetic|DRAW@2026-01-20T06:00:00Z#synthetic|AWAY@2026-01-20T06:00:00Z#synthetic,2026-01-20T06:00:00Z,480.0,137,2.37,0.42194093,0.401652,multiplicative,0.05051287,0.393541,0.393541,0.0,154,2.54103112,-0.008111,-0.067308,-0.067308,HOME:UNKNOWN(8470624@0.549)|AWAY:UNKNOWN(8470637@0.565),G:26d552dd634b787a,UNKNOWN,R:f6f34ead09663513,nhl-gs-0.1.0,nhl-feat-0.1.0,PR:22465be539be19fb,LC:67c7cb02a1bcdc94,"[""pull_trailing_by_1_seconds"", ""pull_trailing_by_2_seconds"", ""rate_4v4_mult"", ""rate_6v5_attack"", ""rate_empty_net"", ""rate_pp"", ""rate_sh"", ""score_effect_beta"", ""score_effect_beta_p3""]",bcb139690e46,DS:a030b3c61cb6482d,0.9457,BLOCKED,PASS,INELIGIBLE_DEV,"[""HARD_BLOCK:SIMULATED_CLOCK"", ""HARD_BLOCK:STALE_PRICE"", ""HARD_BLOCK:SYNTHETIC_SOURCE""]","[""HARD_BLOCK:SYNTHETIC_SOURCE"", ""HARD_BLOCK:SIMULATED_CLOCK"", ""HARD_BLOCK:STALE_PRICE""]",S:196a136e5fb2755ba4406179
P:2e24a2a31068cfa47903,artifact-v2,2026-01-20T14:00:00Z,2026-01-20T14:00:00Z,2026-01-21T02:00:00Z,FORWARD,SYNTHETIC,DEV_SYNTHETIC,2025020704,REG_3WAY,REGULATION,DRAW,,,,2025020704:REG_3WAY:DRAW,2025020704:REG_3WAY,synthbook,synthetic,HOME@2026-01-20T06:00:00Z#synthetic|DRAW@2026-01-20T06:00:00Z#synthetic|AWAY@2026-01-20T06:00:00Z#synthetic,2026-01-20T06:00:00Z,480.0,347,4.47,0.22371365,0.212957,multiplicative,0.05051287,0.223151,0.223151,0.0,348,4.48127455,0.010194,-0.002516,-0.002516,HOME:UNKNOWN(8470624@0.549)|AWAY:UNKNOWN(8470637@0.565),G:26d552dd634b787a,UNKNOWN,R:f6f34ead09663513,nhl-gs-0.1.0,nhl-feat-0.1.0,PR:22465be539be19fb,LC:67c7cb02a1bcdc94,"[""pull_trailing_by_1_seconds"", ""pull_trailing_by_2_seconds"", ""rate_4v4_mult"", ""rate_6v5_attack"", ""rate_empty_net"", ""rate_pp"", ""rate_sh"", ""score_effect_beta"", ""score_effect_beta_p3""]",bcb139690e46,DS:a030b3c61cb6482d,0.9457,BLOCKED,PASS,INELIGIBLE_DEV,"[""HARD_BLOCK:SIMULATED_CLOCK"", ""HARD_BLOCK:STALE_PRICE"", ""HARD_BLOCK:SYNTHETIC_SOURCE""]","[""HARD_BLOCK:SYNTHETIC_SOURCE"", ""HARD_BLOCK:SIMULATED_CLOCK"", ""HARD_BLOCK:STALE_PRICE""]",S:f396305760abee3d0bdfb5c8
P:53fee8c3f8f712887359,artifact-v2,2026-01-20T14:00:00Z,2026-01-20T14:00:00Z,2026-01-21T02:00:00Z,FORWARD,SYNTHETIC,DEV_SYNTHETIC,2025020704,REG_3WAY,REGULATION,AWAY,,,,2025020704:REG_3WAY:AWAY,2025020704:REG_3WAY,synthbook,synthetic,HOME@2026-01-20T06:00:00Z#synthetic|DRAW@2026-01-20T06:00:00Z#synthetic|AWAY@2026-01-20T06:00:00Z#synthetic,2026-01-20T06:00:00Z,480.0,147,2.47,0.4048583,0.385391,multiplicative,0.05051287,0.383308,0.383308,0.0,161,2.60886689,-0.002083,-0.053229,-0.053229,HOME:UNKNOWN(8470624@0.549)|AWAY:UNKNOWN(8470637@0.565),G:26d552dd634b787a,UNKNOWN,R:f6f34ead09663513,nhl-gs-0.1.0,nhl-feat-0.1.0,PR:22465be539be19fb,LC:67c7cb02a1bcdc94,"[""pull_trailing_by_1_seconds"", ""pull_trailing_by_2_seconds"", ""rate_4v4_mult"", ""rate_6v5_attack"", ""rate_empty_net"", ""rate_pp"", ""rate_sh"", ""score_effect_beta"", ""score_effect_beta_p3""]",bcb139690e46,DS:a030b3c61cb6482d,0.9457,BLOCKED,PASS,INELIGIBLE_DEV,"[""HARD_BLOCK:SIMULATED_CLOCK"", ""HARD_BLOCK:STALE_PRICE"", ""HARD_BLOCK:SYNTHETIC_SOURCE""]","[""HARD_BLOCK:SYNTHETIC_SOURCE"", ""HARD_BLOCK:SIMULATED_CLOCK"", ""HARD_BLOCK:STALE_PRICE""]",S:05801207ff45b91bac45cabc
P:a121ef3c9919ed355c4c,artifact-v2,2026-01-20T14:00:00Z,2026-01-20T14:00:00Z,2026-01-21T02:00:00Z,FORWARD,SYNTHETIC,DEV_SYNTHETIC,2025020704,TEAM_TOTAL,FULL_GAME,OVER,2.5,SJS,,2025020704:TEAM_TOTAL:SJS:OVER:+2.5,2025020704:TEAM_TOTAL:SJS:+2.5,synthbook,synthetic,OVER@2026-01-20T06:00:00Z#synthetic|UNDER@2026-01-20T06:00:00Z#synthetic,2026-01-20T06:00:00Z,480.0,-164,1.6097561,0.62121212,0.594495,multiplicative,0.04494093,0.616142,0.616142,0.0,-161,1.62300272,0.021647,-0.008162,-0.008162,HOME:UNKNOWN(8470624@0.549)|AWAY:UNKNOWN(8470637@0.565),G:26d552dd634b787a,UNKNOWN,R:f6f34ead09663513,nhl-gs-0.1.0,nhl-feat-0.1.0,PR:22465be539be19fb,LC:67c7cb02a1bcdc94,"[""pull_trailing_by_1_seconds"", ""pull_trailing_by_2_seconds"", ""rate_4v4_mult"", ""rate_6v5_attack"", ""rate_empty_net"", ""rate_pp"", ""rate_sh"", ""score_effect_beta"", ""score_effect_beta_p3""]",bcb139690e46,DS:a030b3c61cb6482d,0.9457,BLOCKED,PASS,INELIGIBLE_DEV,"[""HARD_BLOCK:SIMULATED_CLOCK"", ""HARD_BLOCK:STALE_PRICE"", ""HARD_BLOCK:SYNTHETIC_SOURCE""]","[""HARD_BLOCK:SYNTHETIC_SOURCE"", ""HARD_BLOCK:SIMULATED_CLOCK"", ""HARD_BLOCK:STALE_PRICE""]",S:0aa6e50ac884b808394ee317
P:1b98aa8a1d145859ddc0,artifact-v2,2026-01-20T14:00:00Z,2026-01-20T14:00:00Z,2026-01-21T02:00:00Z,FORWARD,SYNTHETIC,DEV_SYNTHETIC,2025020704,TEAM_TOTAL,FULL_GAME,UNDER,2.5,SJS,,2025020704:TEAM_TOTAL:SJS:UNDER:+2.5,2025020704:TEAM_TOTAL:SJS:+2.5,synthbook,synthetic,OVER@2026-01-20T06:00:00Z#synthetic|UNDER@2026-01-20T06:00:00Z#synthetic,2026-01-20T06:00:00Z,480.0,136,2.36,0.42372881,0.405505,multiplicative,0.04494093,0.383858,0.383858,0.0,161,2.60512942,-0.021647,-0.094095,-0.094095,HOME:UNKNOWN(8470624@0.549)|AWAY:UNKNOWN(8470637@0.565),G:26d552dd634b787a,UNKNOWN,R:f6f34ead09663513,nhl-gs-0.1.0,nhl-feat-0.1.0,PR:22465be539be19fb,LC:67c7cb02a1bcdc94,"[""pull_trailing_by_1_seconds"", ""pull_trailing_by_2_seconds"", ""rate_4v4_mult"", ""rate_6v5_attack"", ""rate_empty_net"", ""rate_pp"", ""rate_sh"", ""score_effect_beta"", ""score_effect_beta_p3""]",bcb139690e46,DS:a030b3c61cb6482d,0.9457,BLOCKED,PASS,INELIGIBLE_DEV,"[""HARD_BLOCK:SIMULATED_CLOCK"", ""HARD_BLOCK:STALE_PRICE"", ""HARD_BLOCK:SYNTHETIC_SOURCE""]","[""HARD_BLOCK:SYNTHETIC_SOURCE"", ""HARD_BLOCK:SIMULATED_CLOCK"", ""HARD_BLOCK:STALE_PRICE""]",S:5a14e01d04a212a8e0f1b854
P:7da2a7c2f475add8fc51,artifact-v2,2026-01-20T14:00:00Z,2026-01-20T14:00:00Z,2026-01-21T02:00:00Z,FORWARD,SYNTHETIC,DEV_SYNTHETIC,2025020704,TEAM_TOTAL,FULL_GAME,OVER,2.5,WPG,,2025020704:TEAM_TOTAL:WPG:OVER:+2.5,2025020704:TEAM_TOTAL:WPG:+2.5,synthbook,synthetic,OVER@2026-01-20T06:00:00Z#synthetic|UNDER@2026-01-20T06:00:00Z#synthetic,2026-01-20T06:00:00Z,480.0,-191,1.52356021,0.65635739,0.627815,multiplicative,0.04546245,0.616155,0.616155,0.0,-161,1.62296764,-0.01166,-0.06125,-0.06125,HOME:UNKNOWN(8470624@0.549)|AWAY:UNKNOWN(8470637@0.565),G:26d552dd634b787a,UNKNOWN,R:f6f34ead09663513,nhl-gs-0.1.0,nhl-feat-0.1.0,PR:22465be539be19fb,LC:67c7cb02a1bcdc94,"[""pull_trailing_by_1_seconds"", ""pull_trailing_by_2_seconds"", ""rate_4v4_mult"", ""rate_6v5_attack"", ""rate_empty_net"", ""rate_pp"", ""rate_sh"", ""score_effect_beta"", ""score_effect_beta_p3""]",bcb139690e46,DS:a030b3c61cb6482d,0.9457,BLOCKED,PASS,INELIGIBLE_DEV,"[""HARD_BLOCK:SIMULATED_CLOCK"", ""HARD_BLOCK:STALE_PRICE"", ""HARD_BLOCK:SYNTHETIC_SOURCE""]","[""HARD_BLOCK:SYNTHETIC_SOURCE"", ""HARD_BLOCK:SIMULATED_CLOCK"", ""HARD_BLOCK:STALE_PRICE""]",S:990f4b6625c21cd736e82af8
P:2ebefe32fff0bc4bf921,artifact-v2,2026-01-20T14:00:00Z,2026-01-20T14:00:00Z,2026-01-21T02:00:00Z,FORWARD,SYNTHETIC,DEV_SYNTHETIC,2025020704,TEAM_TOTAL,FULL_GAME,UNDER,2.5,WPG,,2025020704:TEAM_TOTAL:WPG:UNDER:+2.5,2025020704:TEAM_TOTAL:WPG:+2.5,synthbook,synthetic,OVER@2026-01-20T06:00:00Z#synthetic|UNDER@2026-01-20T06:00:00Z#synthetic,2026-01-20T06:00:00Z,480.0,157,2.57,0.38910506,0.372185,multiplicative,0.04546245,0.383845,0.383845,0.0,161,2.60521981,0.01166,-0.013519,-0.013519,HOME:UNKNOWN(8470624@0.549)|AWAY:UNKNOWN(8470637@0.565),G:26d552dd634b787a,UNKNOWN,R:f6f34ead09663513,nhl-gs-0.1.0,nhl-feat-0.1.0,PR:22465be539be19fb,LC:67c7cb02a1bcdc94,"[""pull_trailing_by_1_seconds"", ""pull_trailing_by_2_seconds"", ""rate_4v4_mult"", ""rate_6v5_attack"", ""rate_empty_net"", ""rate_pp"", ""rate_sh"", ""score_effect_beta"", ""score_effect_beta_p3""]",bcb139690e46,DS:a030b3c61cb6482d,0.9457,BLOCKED,PASS,INELIGIBLE_DEV,"[""HARD_BLOCK:SIMULATED_CLOCK"", ""HARD_BLOCK:STALE_PRICE"", ""HARD_BLOCK:SYNTHETIC_SOURCE""]","[""HARD_BLOCK:SYNTHETIC_SOURCE"", ""HARD_BLOCK:SIMULATED_CLOCK"", ""HARD_BLOCK:STALE_PRICE""]",S:bf6312f6a88647f34f4d84f8
P:60ddbc5976569e6456ce,artifact-v2,2026-01-20T14:00:00Z,2026-01-20T14:00:00Z,2026-01-21T02:00:00Z,FORWARD,SYNTHETIC,DEV_SYNTHETIC,2025020704,TOTAL,FULL_GAME,OVER,6.5,,,2025020704:TOTAL:OVER:+6.5,2025020704:TOTAL:+6.5,synthbook,synthetic,OVER@2026-01-20T06:00:00Z#synthetic|UNDER@2026-01-20T06:00:00Z#synthetic,2026-01-20T06:00:00Z,480.0,167,2.67,0.37453184,0.358576,multiplicative,0.04449883,0.447093,0.447093,0.0,124,2.23667202,0.088517,0.193738,0.193738,HOME:UNKNOWN(8470624@0.549)|AWAY:UNKNOWN(8470637@0.565),G:26d552dd634b787a,UNKNOWN,R:f6f34ead09663513,nhl-gs-0.1.0,nhl-feat-0.1.0,PR:22465be539be19fb,LC:67c7cb02a1bcdc94,"[""pull_trailing_by_1_seconds"", ""pull_trailing_by_2_seconds"", ""rate_4v4_mult"", ""rate_6v5_attack"", ""rate_empty_net"", ""rate_pp"", ""rate_sh"", ""score_effect_beta"", ""score_effect_beta_p3""]",bcb139690e46,DS:a030b3c61cb6482d,0.9457,BLOCKED,MODEL_PLUS,INELIGIBLE_DEV,"[""HARD_BLOCK:SIMULATED_CLOCK"", ""HARD_BLOCK:STALE_PRICE"", ""HARD_BLOCK:SYNTHETIC_SOURCE""]","[""HARD_BLOCK:SYNTHETIC_SOURCE"", ""HARD_BLOCK:SIMULATED_CLOCK"", ""HARD_BLOCK:STALE_PRICE""]",S:2504b4838a3d23d80a6891b6
P:e66190c34c556fa0d5eb,artifact-v2,2026-01-20T14:00:00Z,2026-01-20T14:00:00Z,2026-01-21T02:00:00Z,FORWARD,SYNTHETIC,DEV_SYNTHETIC,2025020704,TOTAL,FULL_GAME,UNDER,6.5,,,2025020704:TOTAL:UNDER:+6.5,2025020704:TOTAL:+6.5,synthbook,synthetic,OVER@2026-01-20T06:00:00Z#synthetic|UNDER@2026-01-20T06:00:00Z#synthetic,2026-01-20T06:00:00Z,480.0,-203,1.49261084,0.669967,0.641424,multiplicative,0.04449883,0.552907,0.552907,0.0,-124,1.80862184,-0.088517,-0.174725,-0.174725,HOME:UNKNOWN(8470624@0.549)|AWAY:UNKNOWN(8470637@0.565),G:26d552dd634b787a,UNKNOWN,R:f6f34ead09663513,nhl-gs-0.1.0,nhl-feat-0.1.0,PR:22465be539be19fb,LC:67c7cb02a1bcdc94,"[""pull_trailing_by_1_seconds"", ""pull_trailing_by_2_seconds"", ""rate_4v4_mult"", ""rate_6v5_attack"", ""rate_empty_net"", ""rate_pp"", ""rate_sh"", ""score_effect_beta"", ""score_effect_beta_p3""]",bcb139690e46,DS:a030b3c61cb6482d,0.9457,BLOCKED,PASS,INELIGIBLE_DEV,"[""HARD_BLOCK:SIMULATED_CLOCK"", ""HARD_BLOCK:STALE_PRICE"", ""HARD_BLOCK:SYNTHETIC_SOURCE""]","[""HARD_BLOCK:SYNTHETIC_SOURCE"", ""HARD_BLOCK:SIMULATED_CLOCK"", ""HARD_BLOCK:STALE_PRICE""]",S:025a0afa3e0939b39f80b39f
P:5a53c5d4e436a858ca31,artifact-v2,2026-01-20T14:00:00Z,2026-01-20T14:00:00Z,2026-01-20T23:00:00Z,FORWARD,SYNTHETIC,DEV_SYNTHETIC,2025020705,ML,FULL_GAME,HOME,,,,2025020705:ML:HOME,2025020705:ML,synthbook,synthetic,HOME@2026-01-20T03:00:00Z#synthetic|AWAY@2026-01-20T03:00:00Z#synthetic,2026-01-20T03:00:00Z,660.0,108,2.08,0.48076923,0.460468,multiplicative,0.04408801,0.516251,0.516251,0.0,-107,1.93704346,0.055783,0.073801,0.073801,HOME:UNKNOWN(8470610@0.717)|AWAY:UNKNOWN(8470582@0.861),G:c33dbea5e0781806,UNKNOWN,R:5ed08c0c3522d82f,nhl-gs-0.1.0,nhl-feat-0.1.0,PR:22465be539be19fb,LC:67c7cb02a1bcdc94,"[""pull_trailing_by_1_seconds"", ""pull_trailing_by_2_seconds"", ""rate_4v4_mult"", ""rate_6v5_attack"", ""rate_empty_net"", ""rate_pp"", ""rate_sh"", ""score_effect_beta"", ""score_effect_beta_p3""]",bcb139690e46,DS:a030b3c61cb6482d,0.9457,BLOCKED,MODEL_PLUS,INELIGIBLE_DEV,"[""HARD_BLOCK:SIMULATED_CLOCK"", ""HARD_BLOCK:STALE_PRICE"", ""HARD_BLOCK:SYNTHETIC_SOURCE""]","[""HARD_BLOCK:SYNTHETIC_SOURCE"", ""HARD_BLOCK:SIMULATED_CLOCK"", ""HARD_BLOCK:STALE_PRICE""]",S:8d69b61e9956c490f090d6a6
P:3bb9181b71eb833c7cdf,artifact-v2,2026-01-20T14:00:00Z,2026-01-20T14:00:00Z,2026-01-20T23:00:00Z,FORWARD,SYNTHETIC,DEV_SYNTHETIC,2025020705,ML,FULL_GAME,AWAY,,,,2025020705:ML:AWAY,2025020705:ML,synthbook,synthetic,HOME@2026-01-20T03:00:00Z#synthetic|AWAY@2026-01-20T03:00:00Z#synthetic,2026-01-20T03:00:00Z,660.0,-129,1.7751938,0.56331878,0.539532,multiplicative,0.04408801,0.483749,0.483749,0.0,107,2.06718636,-0.055783,-0.141251,-0.141251,HOME:UNKNOWN(8470610@0.717)|AWAY:UNKNOWN(8470582@0.861),G:c33dbea5e0781806,UNKNOWN,R:5ed08c0c3522d82f,nhl-gs-0.1.0,nhl-feat-0.1.0,PR:22465be539be19fb,LC:67c7cb02a1bcdc94,"[""pull_trailing_by_1_seconds"", ""pull_trailing_by_2_seconds"", ""rate_4v4_mult"", ""rate_6v5_attack"", ""rate_empty_net"", ""rate_pp"", ""rate_sh"", ""score_effect_beta"", ""score_effect_beta_p3""]",bcb139690e46,DS:a030b3c61cb6482d,0.9457,BLOCKED,PASS,INELIGIBLE_DEV,"[""HARD_BLOCK:SIMULATED_CLOCK"", ""HARD_BLOCK:STALE_PRICE"", ""HARD_BLOCK:SYNTHETIC_SOURCE""]","[""HARD_BLOCK:SYNTHETIC_SOURCE"", ""HARD_BLOCK:SIMULATED_CLOCK"", ""HARD_BLOCK:STALE_PRICE""]",S:4d6a39b24ee475b13881bddc
P:e8e54289a142315c9094,artifact-v2,2026-01-20T14:00:00Z,2026-01-20T14:00:00Z,2026-01-20T23:00:00Z,FORWARD,SYNTHETIC,DEV_SYNTHETIC,2025020705,PUCK_LINE,FULL_GAME,HOME,1.5,,,2025020705:PUCK_LINE:HOME:+1.5,2025020705:PUCK_LINE:+1.5,synthbook,synthetic,HOME@2026-01-20T03:00:00Z#synthetic|AWAY@2026-01-20T03:00:00Z#synthetic,2026-01-20T03:00:00Z,660.0,-291,1.34364261,0.74424552,0.712506,multiplicative,0.04454582,0.736261,0.736261,0.0,-279,1.3582145,0.023754,-0.010729,-0.010729,HOME:UNKNOWN(8470610@0.717)|AWAY:UNKNOWN(8470582@0.861),G:c33dbea5e0781806,UNKNOWN,R:5ed08c0c3522d82f,nhl-gs-0.1.0,nhl-feat-0.1.0,PR:22465be539be19fb,LC:67c7cb02a1bcdc94,"[""pull_trailing_by_1_seconds"", ""pull_trailing_by_2_seconds"", ""rate_4v4_mult"", ""rate_6v5_attack"", ""rate_empty_net"", ""rate_pp"", ""rate_sh"", ""score_effect_beta"", ""score_effect_beta_p3""]",bcb139690e46,DS:a030b3c61cb6482d,0.9457,BLOCKED,PASS,INELIGIBLE_DEV,"[""HARD_BLOCK:SIMULATED_CLOCK"", ""HARD_BLOCK:STALE_PRICE"", ""HARD_BLOCK:SYNTHETIC_SOURCE""]","[""HARD_BLOCK:SYNTHETIC_SOURCE"", ""HARD_BLOCK:SIMULATED_CLOCK"", ""HARD_BLOCK:STALE_PRICE""]",S:183be7c281f468248659e464
P:2992b19b49d41efd3d0f,artifact-v2,2026-01-20T14:00:00Z,2026-01-20T14:00:00Z,2026-01-20T23:00:00Z,FORWARD,SYNTHETIC,DEV_SYNTHETIC,2025020705,PUCK_LINE,FULL_GAME,AWAY,-1.5,,,2025020705:PUCK_LINE:AWAY:-1.5,2025020705:PUCK_LINE:+1.5,synthbook,synthetic,HOME@2026-01-20T03:00:00Z#synthetic|AWAY@2026-01-20T03:00:00Z#synthetic,2026-01-20T03:00:00Z,660.0,233,3.33,0.3003003,0.287494,multiplicative,0.04454582,0.263739,0.263739,0.0,279,3.79162346,-0.023754,-0.121748,-0.121748,HOME:UNKNOWN(8470610@0.717)|AWAY:UNKNOWN(8470582@0.861),G:c33dbea5e0781806,UNKNOWN,R:5ed08c0c3522d82f,nhl-gs-0.1.0,nhl-feat-0.1.0,PR:22465be539be19fb,LC:67c7cb02a1bcdc94,"[""pull_trailing_by_1_seconds"", ""pull_trailing_by_2_seconds"", ""rate_4v4_mult"", ""rate_6v5_attack"", ""rate_empty_net"", ""rate_pp"", ""rate_sh"", ""score_effect_beta"", ""score_effect_beta_p3""]",bcb139690e46,DS:a030b3c61cb6482d,0.9457,BLOCKED,PASS,INELIGIBLE_DEV,"[""HARD_BLOCK:SIMULATED_CLOCK"", ""HARD_BLOCK:STALE_PRICE"", ""HARD_BLOCK:SYNTHETIC_SOURCE""]","[""HARD_BLOCK:SYNTHETIC_SOURCE"", ""HARD_BLOCK:SIMULATED_CLOCK"", ""HARD_BLOCK:STALE_PRICE""]",S:9a171a46faac6889cf8668f9
P:3ef7727e858cbe044851,artifact-v2,2026-01-20T14:00:00Z,2026-01-20T14:00:00Z,2026-01-20T23:00:00Z,FORWARD,SYNTHETIC,DEV_SYNTHETIC,2025020705,REG_3WAY,REGULATION,HOME,,,,2025020705:REG_3WAY:HOME,2025020705:REG_3WAY,synthbook,synthetic,HOME@2026-01-20T03:00:00Z#synthetic|DRAW@2026-01-20T03:00:00Z#synthetic|AWAY@2026-01-20T03:00:00Z#synthetic,2026-01-20T03:00:00Z,660.0,179,2.79,0.35842294,0.341337,multiplicative,0.05005702,0.399403,0.399403,0.0,150,2.50373454,0.058067,0.114335,0.114335,HOME:UNKNOWN(8470610@0.717)|AWAY:UNKNOWN(8470582@0.861),G:c33dbea5e0781806,UNKNOWN,R:5ed08c0c3522d82f,nhl-gs-0.1.0,nhl-feat-0.1.0,PR:22465be539be19fb,LC:67c7cb02a1bcdc94,"[""pull_trailing_by_1_seconds"", ""pull_trailing_by_2_seconds"", ""rate_4v4_mult"", ""rate_6v5_attack"", ""rate_empty_net"", ""rate_pp"", ""rate_sh"", ""score_effect_beta"", ""score_effect_beta_p3""]",bcb139690e46,DS:a030b3c61cb6482d,0.9457,BLOCKED,MODEL_PLUS,INELIGIBLE_DEV,"[""HARD_BLOCK:SIMULATED_CLOCK"", ""HARD_BLOCK:STALE_PRICE"", ""HARD_BLOCK:SYNTHETIC_SOURCE""]","[""HARD_BLOCK:SYNTHETIC_SOURCE"", ""HARD_BLOCK:SIMULATED_CLOCK"", ""HARD_BLOCK:STALE_PRICE""]",S:4d4b8446e09d2cd3290e5a62
P:4123fdc9ac0a34595946,artifact-v2,2026-01-20T14:00:00Z,2026-01-20T14:00:00Z,2026-01-20T23:00:00Z,FORWARD,SYNTHETIC,DEV_SYNTHETIC,2025020705,REG_3WAY,REGULATION,DRAW,,,,2025020705:REG_3WAY:DRAW,2025020705:REG_3WAY,synthbook,synthetic,HOME@2026-01-20T03:00:00Z#synthetic|DRAW@2026-01-20T03:00:00Z#synthetic|AWAY@2026-01-20T03:00:00Z#synthetic,2026-01-20T03:00:00Z,660.0,266,3.66,0.27322404,0.260199,multiplicative,0.05005702,0.218884,0.218884,0.0,357,4.56863676,-0.041316,-0.198886,-0.198886,HOME:UNKNOWN(8470610@0.717)|AWAY:UNKNOWN(8470582@0.861),G:c33dbea5e0781806,UNKNOWN,R:5ed08c0c3522d82f,nhl-gs-0.1.0,nhl-feat-0.1.0,PR:22465be539be19fb,LC:67c7cb02a1bcdc94,"[""pull_trailing_by_1_seconds"", ""pull_trailing_by_2_seconds"", ""rate_4v4_mult"", ""rate_6v5_attack"", ""rate_empty_net"", ""rate_pp"", ""rate_sh"", ""score_effect_beta"", ""score_effect_beta_p3""]",bcb139690e46,DS:a030b3c61cb6482d,0.9457,BLOCKED,PASS,INELIGIBLE_DEV,"[""HARD_BLOCK:SIMULATED_CLOCK"", ""HARD_BLOCK:STALE_PRICE"", ""HARD_BLOCK:SYNTHETIC_SOURCE""]","[""HARD_BLOCK:SYNTHETIC_SOURCE"", ""HARD_BLOCK:SIMULATED_CLOCK"", ""HARD_BLOCK:STALE_PRICE""]",S:23eb76aab2f717ad4c3554c4
P:2996169ddbb7e7fcbed3,artifact-v2,2026-01-20T14:00:00Z,2026-01-20T14:00:00Z,2026-01-20T23:00:00Z,FORWARD,SYNTHETIC,DEV_SYNTHETIC,2025020705,REG_3WAY,REGULATION,AWAY,,,,2025020705:REG_3WAY:AWAY,2025020705:REG_3WAY,synthbook,synthetic,HOME@2026-01-20T03:00:00Z#synthetic|DRAW@2026-01-20T03:00:00Z#synthetic|AWAY@2026-01-20T03:00:00Z#synthetic,2026-01-20T03:00:00Z,660.0,139,2.39,0.41841004,0.398464,multiplicative,0.05005702,0.381713,0.381713,0.0,162,2.61976957,-0.016751,-0.087706,-0.087706,HOME:UNKNOWN(8470610@0.717)|AWAY:UNKNOWN(8470582@0.861),G:c33dbea5e0781806,UNKNOWN,R:5ed08c0c3522d82f,nhl-gs-0.1.0,nhl-feat-0.1.0,PR:22465be539be19fb,LC:67c7cb02a1bcdc94,"[""pull_trailing_by_1_seconds"", ""pull_trailing_by_2_seconds"", ""rate_4v4_mult"", ""rate_6v5_attack"", ""rate_empty_net"", ""rate_pp"", ""rate_sh"", ""score_effect_beta"", ""score_effect_beta_p3""]",bcb139690e46,DS:a030b3c61cb6482d,0.9457,BLOCKED,PASS,INELIGIBLE_DEV,"[""HARD_BLOCK:SIMULATED_CLOCK"", ""HARD_BLOCK:STALE_PRICE"", ""HARD_BLOCK:SYNTHETIC_SOURCE""]","[""HARD_BLOCK:SYNTHETIC_SOURCE"", ""HARD_BLOCK:SIMULATED_CLOCK"", ""HARD_BLOCK:STALE_PRICE""]",S:6d324716fc0ce23cae2595d6
P:f0929f0a8fc04725a726,artifact-v2,2026-01-20T14:00:00Z,2026-01-20T14:00:00Z,2026-01-20T23:00:00Z,FORWARD,SYNTHETIC,DEV_SYNTHETIC,2025020705,TEAM_TOTAL,FULL_GAME,OVER,2.5,BUF,,2025020705:TEAM_TOTAL:BUF:OVER:+2.5,2025020705:TEAM_TOTAL:BUF:+2.5,synthbook,synthetic,OVER@2026-01-20T03:00:00Z#synthetic|UNDER@2026-01-20T03:00:00Z#synthetic,2026-01-20T03:00:00Z,660.0,-138,1.72463768,0.57983193,0.554891,multiplicative,0.04494821,0.587364,0.587364,0.0,-142,1.7025226,0.032473,0.01299,0.01299,HOME:UNKNOWN(8470610@0.717)|AWAY:UNKNOWN(8470582@0.861),G:c33dbea5e0781806,UNKNOWN,R:5ed08c0c3522d82f,nhl-gs-0.1.0,nhl-feat-0.1.0,PR:22465be539be19fb,LC:67c7cb02a1bcdc94,"[""pull_trailing_by_1_seconds"", ""pull_trailing_by_2_seconds"", ""rate_4v4_mult"", ""rate_6v5_attack"", ""rate_empty_net"", ""rate_pp"", ""rate_sh"", ""score_effect_beta"", ""score_effect_beta_p3""]",bcb139690e46,DS:a030b3c61cb6482d,0.9457,BLOCKED,WATCH,INELIGIBLE_DEV,"[""HARD_BLOCK:SIMULATED_CLOCK"", ""HARD_BLOCK:STALE_PRICE"", ""HARD_BLOCK:SYNTHETIC_SOURCE""]","[""HARD_BLOCK:SYNTHETIC_SOURCE"", ""HARD_BLOCK:SIMULATED_CLOCK"", ""HARD_BLOCK:STALE_PRICE""]",S:41f6cfefd38c6592c9a57489
P:58b3ec2d2aa488b21b8c,artifact-v2,2026-01-20T14:00:00Z,2026-01-20T14:00:00Z,2026-01-20T23:00:00Z,FORWARD,SYNTHETIC,DEV_SYNTHETIC,2025020705,TEAM_TOTAL,FULL_GAME,UNDER,2.5,BUF,,2025020705:TEAM_TOTAL:BUF:UNDER:+2.5,2025020705:TEAM_TOTAL:BUF:+2.5,synthbook,synthetic,OVER@2026-01-20T03:00:00Z#synthetic|UNDER@2026-01-20T03:00:00Z#synthetic,2026-01-20T03:00:00Z,660.0,115,2.15,0.46511628,0.445109,multiplicative,0.04494821,0.412636,0.412636,0.0,142,2.42344176,-0.032473,-0.112832,-0.112832,HOME:UNKNOWN(8470610@0.717)|AWAY:UNKNOWN(8470582@0.861),G:c33dbea5e0781806,UNKNOWN,R:5ed08c0c3522d82f,nhl-gs-0.1.0,nhl-feat-0.1.0,PR:22465be539be19fb,LC:67c7cb02a1bcdc94,"[""pull_trailing_by_1_seconds"", ""pull_trailing_by_2_seconds"", ""rate_4v4_mult"", ""rate_6v5_attack"", ""rate_empty_net"", ""rate_pp"", ""rate_sh"", ""score_effect_beta"", ""score_effect_beta_p3""]",bcb139690e46,DS:a030b3c61cb6482d,0.9457,BLOCKED,PASS,INELIGIBLE_DEV,"[""HARD_BLOCK:SIMULATED_CLOCK"", ""HARD_BLOCK:STALE_PRICE"", ""HARD_BLOCK:SYNTHETIC_SOURCE""]","[""HARD_BLOCK:SYNTHETIC_SOURCE"", ""HARD_BLOCK:SIMULATED_CLOCK"", ""HARD_BLOCK:STALE_PRICE""]",S:f8c59e4fb821fa8dbfd11bf9
P:1b0e338a2c5806a6db09,artifact-v2,2026-01-20T14:00:00Z,2026-01-20T14:00:00Z,2026-01-20T23:00:00Z,FORWARD,SYNTHETIC,DEV_SYNTHETIC,2025020705,TEAM_TOTAL,FULL_GAME,OVER,2.5,NSH,,2025020705:TEAM_TOTAL:NSH:OVER:+2.5,2025020705:TEAM_TOTAL:NSH:+2.5,synthbook,synthetic,OVER@2026-01-20T03:00:00Z#synthetic|UNDER@2026-01-20T03:00:00Z#synthetic,2026-01-20T03:00:00Z,660.0,-148,1.67567568,0.59677419,0.570964,multiplicative,0.04520469,0.612527,0.612527,0.0,-158,1.63258175,0.041563,0.026396,0.026396,HOME:UNKNOWN(8470610@0.717)|AWAY:UNKNOWN(8470582@0.861),G:c33dbea5e0781806,UNKNOWN,R:5ed08c0c3522d82f,nhl-gs-0.1.0,nhl-feat-0.1.0,PR:22465be539be19fb,LC:67c7cb02a1bcdc94,"[""pull_trailing_by_1_seconds"", ""pull_trailing_by_2_seconds"", ""rate_4v4_mult"", ""rate_6v5_attack"", ""rate_empty_net"", ""rate_pp"", ""rate_sh"", ""score_effect_beta"", ""score_effect_beta_p3""]",bcb139690e46,DS:a030b3c61cb6482d,0.9457,BLOCKED,WATCH,INELIGIBLE_DEV,"[""HARD_BLOCK:SIMULATED_CLOCK"", ""HARD_BLOCK:STALE_PRICE"", ""HARD_BLOCK:SYNTHETIC_SOURCE""]","[""HARD_BLOCK:SYNTHETIC_SOURCE"", ""HARD_BLOCK:SIMULATED_CLOCK"", ""HARD_BLOCK:STALE_PRICE""]",S:37c542ffdf061db429c88fc3
P:71c22f64c91b1d876a25,artifact-v2,2026-01-20T14:00:00Z,2026-01-20T14:00:00Z,2026-01-20T23:00:00Z,FORWARD,SYNTHETIC,DEV_SYNTHETIC,2025020705,TEAM_TOTAL,FULL_GAME,UNDER,2.5,NSH,,2025020705:TEAM_TOTAL:NSH:UNDER:+2.5,2025020705:TEAM_TOTAL:NSH:+2.5,synthbook,synthetic,OVER@2026-01-20T03:00:00Z#synthetic|UNDER@2026-01-20T03:00:00Z#synthetic,2026-01-20T03:00:00Z,660.0,123,2.23,0.44843049,0.429036,multiplicative,0.04520469,0.387473,0.387473,0.0,158,2.58082334,-0.041563,-0.135935,-0.135935,HOME:UNKNOWN(8470610@0.717)|AWAY:UNKNOWN(8470582@0.861),G:c33dbea5e0781806,UNKNOWN,R:5ed08c0c3522d82f,nhl-gs-0.1.0,nhl-feat-0.1.0,PR:22465be539be19fb,LC:67c7cb02a1bcdc94,"[""pull_trailing_by_1_seconds"", ""pull_trailing_by_2_seconds"", ""rate_4v4_mult"", ""rate_6v5_attack"", ""rate_empty_net"", ""rate_pp"", ""rate_sh"", ""score_effect_beta"", ""score_effect_beta_p3""]",bcb139690e46,DS:a030b3c61cb6482d,0.9457,BLOCKED,PASS,INELIGIBLE_DEV,"[""HARD_BLOCK:SIMULATED_CLOCK"", ""HARD_BLOCK:STALE_PRICE"", ""HARD_BLOCK:SYNTHETIC_SOURCE""]","[""HARD_BLOCK:SYNTHETIC_SOURCE"", ""HARD_BLOCK:SIMULATED_CLOCK"", ""HARD_BLOCK:STALE_PRICE""]",S:6ecd00f901ae25fa6ec04cad
P:ceea80ef278b769f6c4f,artifact-v2,2026-01-20T14:00:00Z,2026-01-20T14:00:00Z,2026-01-20T23:00:00Z,FORWARD,SYNTHETIC,DEV_SYNTHETIC,2025020705,TOTAL,FULL_GAME,OVER,6.5,,,2025020705:TOTAL:OVER:+6.5,2025020705:TOTAL:+6.5,synthbook,synthetic,OVER@2026-01-20T03:00:00Z#synthetic|UNDER@2026-01-20T03:00:00Z#synthetic,2026-01-20T03:00:00Z,660.0,135,2.35,0.42553191,0.407655,multiplicative,0.04385253,0.436037,0.436037,0.0,129,2.29338342,0.028382,0.024687,0.024687,HOME:UNKNOWN(8470610@0.717)|AWAY:UNKNOWN(8470582@0.861),G:c33dbea5e0781806,UNKNOWN,R:5ed08c0c3522d82f,nhl-gs-0.1.0,nhl-feat-0.1.0,PR:22465be539be19fb,LC:67c7cb02a1bcdc94,"[""pull_trailing_by_1_seconds"", ""pull_trailing_by_2_seconds"", ""rate_4v4_mult"", ""rate_6v5_attack"", ""rate_empty_net"", ""rate_pp"", ""rate_sh"", ""score_effect_beta"", ""score_effect_beta_p3""]",bcb139690e46,DS:a030b3c61cb6482d,0.9457,BLOCKED,WATCH,INELIGIBLE_DEV,"[""HARD_BLOCK:SIMULATED_CLOCK"", ""HARD_BLOCK:STALE_PRICE"", ""HARD_BLOCK:SYNTHETIC_SOURCE""]","[""HARD_BLOCK:SYNTHETIC_SOURCE"", ""HARD_BLOCK:SIMULATED_CLOCK"", ""HARD_BLOCK:STALE_PRICE""]",S:bf7ea36ef9e89c8cf296d391
P:46814fa39aa0cba89907,artifact-v2,2026-01-20T14:00:00Z,2026-01-20T14:00:00Z,2026-01-20T23:00:00Z,FORWARD,SYNTHETIC,DEV_SYNTHETIC,2025020705,TOTAL,FULL_GAME,UNDER,6.5,,,2025020705:TOTAL:UNDER:+6.5,2025020705:TOTAL:+6.5,synthbook,synthetic,OVER@2026-01-20T03:00:00Z#synthetic|UNDER@2026-01-20T03:00:00Z#synthetic,2026-01-20T03:00:00Z,660.0,-162,1.61728395,0.61832061,0.592345,multiplicative,0.04385253,0.563963,0.563963,0.0,-129,1.77316593,-0.028382,-0.087912,-0.087912,HOME:UNKNOWN(8470610@0.717)|AWAY:UNKNOWN(8470582@0.861),G:c33dbea5e0781806,UNKNOWN,R:5ed08c0c3522d82f,nhl-gs-0.1.0,nhl-feat-0.1.0,PR:22465be539be19fb,LC:67c7cb02a1bcdc94,"[""pull_trailing_by_1_seconds"", ""pull_trailing_by_2_seconds"", ""rate_4v4_mult"", ""rate_6v5_attack"", ""rate_empty_net"", ""rate_pp"", ""rate_sh"", ""score_effect_beta"", ""score_effect_beta_p3""]",bcb139690e46,DS:a030b3c61cb6482d,0.9457,BLOCKED,PASS,INELIGIBLE_DEV,"[""HARD_BLOCK:SIMULATED_CLOCK"", ""HARD_BLOCK:STALE_PRICE"", ""HARD_BLOCK:SYNTHETIC_SOURCE""]","[""HARD_BLOCK:SYNTHETIC_SOURCE"", ""HARD_BLOCK:SIMULATED_CLOCK"", ""HARD_BLOCK:STALE_PRICE""]",S:9bacddc9a01187aa1c8a2a26
P:4dc754fdf44d6a7a5060,artifact-v2,2026-01-20T14:00:00Z,2026-01-20T14:00:00Z,2026-01-20T23:00:00Z,FORWARD,SYNTHETIC,DEV_SYNTHETIC,2025020706,ML,FULL_GAME,HOME,,,,2025020706:ML:HOME,2025020706:ML,synthbook,synthetic,HOME@2026-01-20T03:00:00Z#synthetic|AWAY@2026-01-20T03:00:00Z#synthetic,2026-01-20T03:00:00Z,660.0,-125,1.8,0.55555556,0.53125,multiplicative,0.04575163,0.534811,0.534811,0.0,-115,1.86981882,0.003561,-0.03734,-0.03734,HOME:UNKNOWN(8470595@0.549)|AWAY:UNKNOWN(8470639@0.532),G:a488c624bc4d8d89,UNKNOWN,R:5a6a727e3437a91e,nhl-gs-0.1.0,nhl-feat-0.1.0,PR:22465be539be19fb,LC:67c7cb02a1bcdc94,"[""pull_trailing_by_1_seconds"", ""pull_trailing_by_2_seconds"", ""rate_4v4_mult"", ""rate_6v5_attack"", ""rate_empty_net"", ""rate_pp"", ""rate_sh"", ""score_effect_beta"", ""score_effect_beta_p3""]",bcb139690e46,DS:a030b3c61cb6482d,0.9457,BLOCKED,PASS,INELIGIBLE_DEV,"[""HARD_BLOCK:SIMULATED_CLOCK"", ""HARD_BLOCK:STALE_PRICE"", ""HARD_BLOCK:SYNTHETIC_SOURCE""]","[""HARD_BLOCK:SYNTHETIC_SOURCE"", ""HARD_BLOCK:SIMULATED_CLOCK"", ""HARD_BLOCK:STALE_PRICE""]",S:ec76afacf41a0ceb9c87a13a
P:6d62079acfefe0ee53fd,artifact-v2,2026-01-20T14:00:00Z,2026-01-20T14:00:00Z,2026-01-20T23:00:00Z,FORWARD,SYNTHETIC,DEV_SYNTHETIC,2025020706,ML,FULL_GAME,AWAY,,,,2025020706:ML:AWAY,2025020706:ML,synthbook,synthetic,HOME@2026-01-20T03:00:00Z#synthetic|AWAY@2026-01-20T03:00:00Z#synthetic,2026-01-20T03:00:00Z,660.0,104,2.04,0.49019608,0.46875,multiplicative,0.04575163,0.465189,0.465189,0.0,115,2.14966471,-0.003561,-0.051015,-0.051015,HOME:UNKNOWN(8470595@0.549)|AWAY:UNKNOWN(8470639@0.532),G:a488c624bc4d8d89,UNKNOWN,R:5a6a727e3437a91e,nhl-gs-0.1.0,nhl-feat-0.1.0,PR:22465be539be19fb,LC:67c7cb02a1bcdc94,"[""pull_trailing_by_1_seconds"", ""pull_trailing_by_2_seconds"", ""rate_4v4_mult"", ""rate_6v5_attack"", ""rate_empty_net"", ""rate_pp"", ""rate_sh"", ""score_effect_beta"", ""score_effect_beta_p3""]",bcb139690e46,DS:a030b3c61cb6482d,0.9457,BLOCKED,PASS,INELIGIBLE_DEV,"[""HARD_BLOCK:SIMULATED_CLOCK"", ""HARD_BLOCK:STALE_PRICE"", ""HARD_BLOCK:SYNTHETIC_SOURCE""]","[""HARD_BLOCK:SYNTHETIC_SOURCE"", ""HARD_BLOCK:SIMULATED_CLOCK"", ""HARD_BLOCK:STALE_PRICE""]",S:614152cca4f0c4d6541c84e6
P:deaa9d632f25c4af2a32,artifact-v2,2026-01-20T14:00:00Z,2026-01-20T14:00:00Z,2026-01-20T23:00:00Z,FORWARD,SYNTHETIC,DEV_SYNTHETIC,2025020706,PUCK_LINE,FULL_GAME,HOME,-1.5,,,2025020706:PUCK_LINE:HOME:-1.5,2025020706:PUCK_LINE:-1.5,synthbook,synthetic,HOME@2026-01-20T03:00:00Z#synthetic|AWAY@2026-01-20T03:00:00Z#synthetic,2026-01-20T03:00:00Z,660.0,296,3.96,0.25252525,0.241738,multiplicative,0.04462504,0.292034,0.292034,0.0,242,3.42425854,0.050296,0.156455,0.156455,HOME:UNKNOWN(8470595@0.549)|AWAY:UNKNOWN(8470639@0.532),G:a488c624bc4d8d89,UNKNOWN,R:5a6a727e3437a91e,nhl-gs-0.1.0,nhl-feat-0.1.0,PR:22465be539be19fb,LC:67c7cb02a1bcdc94,"[""pull_trailing_by_1_seconds"", ""pull_trailing_by_2_seconds"", ""rate_4v4_mult"", ""rate_6v5_attack"", ""rate_empty_net"", ""rate_pp"", ""rate_sh"", ""score_effect_beta"", ""score_effect_beta_p3""]",bcb139690e46,DS:a030b3c61cb6482d,0.9457,BLOCKED,MODEL_PLUS,INELIGIBLE_DEV,"[""HARD_BLOCK:SIMULATED_CLOCK"", ""HARD_BLOCK:STALE_PRICE"", ""HARD_BLOCK:SYNTHETIC_SOURCE""]","[""HARD_BLOCK:SYNTHETIC_SOURCE"", ""HARD_BLOCK:SIMULATED_CLOCK"", ""HARD_BLOCK:STALE_PRICE""]",S:2e2b2a6c5a5f38f2c4492896
P:b1d9ee54cd59935f664a,artifact-v2,2026-01-20T14:00:00Z,2026-01-20T14:00:00Z,2026-01-20T23:00:00Z,FORWARD,SYNTHETIC,DEV_SYNTHETIC,2025020706,PUCK_LINE,FULL_GAME,AWAY,1.5,,,2025020706:PUCK_LINE:AWAY:+1.5,2025020706:PUCK_LINE:-1.5,synthbook,synthetic,HOME@2026-01-20T03:00:00Z#synthetic|AWAY@2026-01-20T03:00:00Z#synthetic,2026-01-20T03:00:00Z,660.0,-381,1.26246719,0.79209979,0.758262,multiplicative,0.04462504,0.707966,0.707966,0.0,-242,1.41249726,-0.050296,-0.106216,-0.106216,HOME:UNKNOWN(8470595@0.549)|AWAY:UNKNOWN(8470639@0.532),G:a488c624bc4d8d89,UNKNOWN,R:5a6a727e3437a91e,nhl-gs-0.1.0,nhl-feat-0.1.0,PR:22465be539be19fb,LC:67c7cb02a1bcdc94,"[""pull_trailing_by_1_seconds"", ""pull_trailing_by_2_seconds"", ""rate_4v4_mult"", ""rate_6v5_attack"", ""rate_empty_net"", ""rate_pp"", ""rate_sh"", ""score_effect_beta"", ""score_effect_beta_p3""]",bcb139690e46,DS:a030b3c61cb6482d,0.9457,BLOCKED,PASS,INELIGIBLE_DEV,"[""HARD_BLOCK:SIMULATED_CLOCK"", ""HARD_BLOCK:STALE_PRICE"", ""HARD_BLOCK:SYNTHETIC_SOURCE""]","[""HARD_BLOCK:SYNTHETIC_SOURCE"", ""HARD_BLOCK:SIMULATED_CLOCK"", ""HARD_BLOCK:STALE_PRICE""]",S:a72d42dbb798faaaf9c9b42d
P:f7b0554cfdb3c527b850,artifact-v2,2026-01-20T14:00:00Z,2026-01-20T14:00:00Z,2026-01-20T23:00:00Z,FORWARD,SYNTHETIC,DEV_SYNTHETIC,2025020706,REG_3WAY,REGULATION,HOME,,,,2025020706:REG_3WAY:HOME,2025020706:REG_3WAY,synthbook,synthetic,HOME@2026-01-20T03:00:00Z#synthetic|DRAW@2026-01-20T03:00:00Z#synthetic|AWAY@2026-01-20T03:00:00Z#synthetic,2026-01-20T03:00:00Z,660.0,155,2.55,0.39215686,0.373148,multiplicative,0.05094065,0.422011,0.422011,0.0,137,2.36960576,0.048863,0.076128,0.076128,HOME:UNKNOWN(8470595@0.549)|AWAY:UNKNOWN(8470639@0.532),G:a488c624bc4d8d89,UNKNOWN,R:5a6a727e3437a91e,nhl-gs-0.1.0,nhl-feat-0.1.0,PR:22465be539be19fb,LC:67c7cb02a1bcdc94,"[""pull_trailing_by_1_seconds"", ""pull_trailing_by_2_seconds"", ""rate_4v4_mult"", ""rate_6v5_attack"", ""rate_empty_net"", ""rate_pp"", ""rate_sh"", ""score_effect_beta"", ""score_effect_beta_p3""]",bcb139690e46,DS:a030b3c61cb6482d,0.9457,BLOCKED,MODEL_PLUS,INELIGIBLE_DEV,"[""HARD_BLOCK:SIMULATED_CLOCK"", ""HARD_BLOCK:STALE_PRICE"", ""HARD_BLOCK:SYNTHETIC_SOURCE""]","[""HARD_BLOCK:SYNTHETIC_SOURCE"", ""HARD_BLOCK:SIMULATED_CLOCK"", ""HARD_BLOCK:STALE_PRICE""]",S:ece96d2916fb1632a5071a7a
P:25b89d5879fa61acd83f,artifact-v2,2026-01-20T14:00:00Z,2026-01-20T14:00:00Z,2026-01-20T23:00:00Z,FORWARD,SYNTHETIC,DEV_SYNTHETIC,2025020706,REG_3WAY,REGULATION,DRAW,,,,2025020706:REG_3WAY:DRAW,2025020706:REG_3WAY,synthbook,synthetic,HOME@2026-01-20T03:00:00Z#synthetic|DRAW@2026-01-20T03:00:00Z#synthetic|AWAY@2026-01-20T03:00:00Z#synthetic,2026-01-20T03:00:00Z,660.0,380,4.8,0.20833333,0.198235,multiplicative,0.05094065,0.22394,0.22394,0.0,347,4.465485,0.025705,0.074911,0.074911,HOME:UNKNOWN(8470595@0.549)|AWAY:UNKNOWN(8470639@0.532),G:a488c624bc4d8d89,UNKNOWN,R:5a6a727e3437a91e,nhl-gs-0.1.0,nhl-feat-0.1.0,PR:22465be539be19fb,LC:67c7cb02a1bcdc94,"[""pull_trailing_by_1_seconds"", ""pull_trailing_by_2_seconds"", ""rate_4v4_mult"", ""rate_6v5_attack"", ""rate_empty_net"", ""rate_pp"", ""rate_sh"", ""score_effect_beta"", ""score_effect_beta_p3""]",bcb139690e46,DS:a030b3c61cb6482d,0.9457,BLOCKED,WATCH,INELIGIBLE_DEV,"[""HARD_BLOCK:SIMULATED_CLOCK"", ""HARD_BLOCK:STALE_PRICE"", ""HARD_BLOCK:SYNTHETIC_SOURCE""]","[""HARD_BLOCK:SYNTHETIC_SOURCE"", ""HARD_BLOCK:SIMULATED_CLOCK"", ""HARD_BLOCK:STALE_PRICE""]",S:9352d2df371172a2dc972d7a
P:8759b7d2c1d43e65e999,artifact-v2,2026-01-20T14:00:00Z,2026-01-20T14:00:00Z,2026-01-20T23:00:00Z,FORWARD,SYNTHETIC,DEV_SYNTHETIC,2025020706,REG_3WAY,REGULATION,AWAY,,,,2025020706:REG_3WAY:AWAY,2025020706:REG_3WAY,synthbook,synthetic,HOME@2026-01-20T03:00:00Z#synthetic|DRAW@2026-01-20T03:00:00Z#synthetic|AWAY@2026-01-20T03:00:00Z#synthetic,2026-01-20T03:00:00Z,660.0,122,2.22,0.45045045,0.428616,multiplicative,0.05094065,0.354049,0.354049,0.0,182,2.82446756,-0.074567,-0.214011,-0.214011,HOME:UNKNOWN(8470595@0.549)|AWAY:UNKNOWN(8470639@0.532),G:a488c624bc4d8d89,UNKNOWN,R:5a6a727e3437a91e,nhl-gs-0.1.0,nhl-feat-0.1.0,PR:22465be539be19fb,LC:67c7cb02a1bcdc94,"[""pull_trailing_by_1_seconds"", ""pull_trailing_by_2_seconds"", ""rate_4v4_mult"", ""rate_6v5_attack"", ""rate_empty_net"", ""rate_pp"", ""rate_sh"", ""score_effect_beta"", ""score_effect_beta_p3""]",bcb139690e46,DS:a030b3c61cb6482d,0.9457,BLOCKED,PASS,INELIGIBLE_DEV,"[""HARD_BLOCK:SIMULATED_CLOCK"", ""HARD_BLOCK:STALE_PRICE"", ""HARD_BLOCK:SYNTHETIC_SOURCE""]","[""HARD_BLOCK:SYNTHETIC_SOURCE"", ""HARD_BLOCK:SIMULATED_CLOCK"", ""HARD_BLOCK:STALE_PRICE""]",S:089e2821f78fede47f289e0b
P:6beef77c910c9283adb8,artifact-v2,2026-01-20T14:00:00Z,2026-01-20T14:00:00Z,2026-01-20T23:00:00Z,FORWARD,SYNTHETIC,DEV_SYNTHETIC,2025020706,TEAM_TOTAL,FULL_GAME,OVER,2.5,DET,,2025020706:TEAM_TOTAL:DET:OVER:+2.5,2025020706:TEAM_TOTAL:DET:+2.5,synthbook,synthetic,OVER@2026-01-20T03:00:00Z#synthetic|UNDER@2026-01-20T03:00:00Z#synthetic,2026-01-20T03:00:00Z,660.0,-169,1.59171598,0.62825279,0.601245,multiplicative,0.04491945,0.646373,0.646373,0.0,-183,1.54709405,0.045128,0.028842,0.028842,HOME:UNKNOWN(8470595@0.549)|AWAY:UNKNOWN(8470639@0.532),G:a488c624bc4d8d89,UNKNOWN,R:5a6a727e3437a91e,nhl-gs-0.1.0,nhl-feat-0.1.0,PR:22465be539be19fb,LC:67c7cb02a1bcdc94,"[""pull_trailing_by_1_seconds"", ""pull_trailing_by_2_seconds"", ""rate_4v4_mult"", ""rate_6v5_attack"", ""rate_empty_net"", ""rate_pp"", ""rate_sh"", ""score_effect_beta"", ""score_effect_beta_p3""]",bcb139690e46,DS:a030b3c61cb6482d,0.9457,BLOCKED,WATCH,INELIGIBLE_DEV,"[""HARD_BLOCK:SIMULATED_CLOCK"", ""HARD_BLOCK:STALE_PRICE"", ""HARD_BLOCK:SYNTHETIC_SOURCE""]","[""HARD_BLOCK:SYNTHETIC_SOURCE"", ""HARD_BLOCK:SIMULATED_CLOCK"", ""HARD_BLOCK:STALE_PRICE""]",S:69fb0dfc3518cbe3cf1090de
P:86e25df62b680afb141d,artifact-v2,2026-01-20T14:00:00Z,2026-01-20T14:00:00Z,2026-01-20T23:00:00Z,FORWARD,SYNTHETIC,DEV_SYNTHETIC,2025020706,TEAM_TOTAL,FULL_GAME,UNDER,2.5,DET,,2025020706:TEAM_TOTAL:DET:UNDER:+2.5,2025020706:TEAM_TOTAL:DET:+2.5,synthbook,synthetic,OVER@2026-01-20T03:00:00Z#synthetic|UNDER@2026-01-20T03:00:00Z#synthetic,2026-01-20T03:00:00Z,660.0,140,2.4,0.41666667,0.398755,multiplicative,0.04491945,0.353627,0.353627,0.0,183,2.8278393,-0.045128,-0.151295,-0.151295,HOME:UNKNOWN(8470595@0.549)|AWAY:UNKNOWN(8470639@0.532),G:a488c624bc4d8d89,UNKNOWN,R:5a6a727e3437a91e,nhl-gs-0.1.0,nhl-feat-0.1.0,PR:22465be539be19fb,LC:67c7cb02a1bcdc94,"[""pull_trailing_by_1_seconds"", ""pull_trailing_by_2_seconds"", ""rate_4v4_mult"", ""rate_6v5_attack"", ""rate_empty_net"", ""rate_pp"", ""rate_sh"", ""score_effect_beta"", ""score_effect_beta_p3""]",bcb139690e46,DS:a030b3c61cb6482d,0.9457,BLOCKED,PASS,INELIGIBLE_DEV,"[""HARD_BLOCK:SIMULATED_CLOCK"", ""HARD_BLOCK:STALE_PRICE"", ""HARD_BLOCK:SYNTHETIC_SOURCE""]","[""HARD_BLOCK:SYNTHETIC_SOURCE"", ""HARD_BLOCK:SIMULATED_CLOCK"", ""HARD_BLOCK:STALE_PRICE""]",S:325e54074c235d535f677fb1
P:c52a3ebc9db2c13e0bb4,artifact-v2,2026-01-20T14:00:00Z,2026-01-20T14:00:00Z,2026-01-20T23:00:00Z,FORWARD,SYNTHETIC,DEV_SYNTHETIC,2025020706,TEAM_TOTAL,FULL_GAME,OVER,2.5,WSH,,2025020706:TEAM_TOTAL:WSH:OVER:+2.5,2025020706:TEAM_TOTAL:WSH:+2.5,synthbook,synthetic,OVER@2026-01-20T03:00:00Z#synthetic|UNDER@2026-01-20T03:00:00Z#synthetic,2026-01-20T03:00:00Z,660.0,-147,1.68027211,0.5951417,0.569191,multiplicative,0.04559215,0.599012,0.599012,0.0,-149,1.66941473,0.029821,0.006504,0.006504,HOME:UNKNOWN(8470595@0.549)|AWAY:UNKNOWN(8470639@0.532),G:a488c624bc4d8d89,UNKNOWN,R:5a6a727e3437a91e,nhl-gs-0.1.0,nhl-feat-0.1.0,PR:22465be539be19fb,LC:67c7cb02a1bcdc94,"[""pull_trailing_by_1_seconds"", ""pull_trailing_by_2_seconds"", ""rate_4v4_mult"", ""rate_6v5_attack"", ""rate_empty_net"", ""rate_pp"", ""rate_sh"", ""score_effect_beta"", ""score_effect_beta_p3""]",bcb139690e46,DS:a030b3c61cb6482d,0.9457,BLOCKED,PASS,INELIGIBLE_DEV,"[""HARD_BLOCK:SIMULATED_CLOCK"", ""HARD_BLOCK:STALE_PRICE"", ""HARD_BLOCK:SYNTHETIC_SOURCE""]","[""HARD_BLOCK:SYNTHETIC_SOURCE"", ""HARD_BLOCK:SIMULATED_CLOCK"", ""HARD_BLOCK:STALE_PRICE""]",S:257054f364bd62698d37e7eb
P:f23e2ebc8ccb96c15899,artifact-v2,2026-01-20T14:00:00Z,2026-01-20T14:00:00Z,2026-01-20T23:00:00Z,FORWARD,SYNTHETIC,DEV_SYNTHETIC,2025020706,TEAM_TOTAL,FULL_GAME,UNDER,2.5,WSH,,2025020706:TEAM_TOTAL:WSH:UNDER:+2.5,2025020706:TEAM_TOTAL:WSH:+2.5,synthbook,synthetic,OVER@2026-01-20T03:00:00Z#synthetic|UNDER@2026-01-20T03:00:00Z#synthetic,2026-01-20T03:00:00Z,660.0,122,2.22,0.45045045,0.430809,multiplicative,0.04559215,0.400988,0.400988,0.0,149,2.49384224,-0.029821,-0.109807,-0.109807,HOME:UNKNOWN(8470595@0.549)|AWAY:UNKNOWN(8470639@0.532),G:a488c624bc4d8d89,UNKNOWN,R:5a6a727e3437a91e,nhl-gs-0.1.0,nhl-feat-0.1.0,PR:22465be539be19fb,LC:67c7cb02a1bcdc94,"[""pull_trailing_by_1_seconds"", ""pull_trailing_by_2_seconds"", ""rate_4v4_mult"", ""rate_6v5_attack"", ""rate_empty_net"", ""rate_pp"", ""rate_sh"", ""score_effect_beta"", ""score_effect_beta_p3""]",bcb139690e46,DS:a030b3c61cb6482d,0.9457,BLOCKED,PASS,INELIGIBLE_DEV,"[""HARD_BLOCK:SIMULATED_CLOCK"", ""HARD_BLOCK:STALE_PRICE"", ""HARD_BLOCK:SYNTHETIC_SOURCE""]","[""HARD_BLOCK:SYNTHETIC_SOURCE"", ""HARD_BLOCK:SIMULATED_CLOCK"", ""HARD_BLOCK:STALE_PRICE""]",S:8014e6f55177cb85d52046e5
P:ab86b41c8c2e58549d96,artifact-v2,2026-01-20T14:00:00Z,2026-01-20T14:00:00Z,2026-01-20T23:00:00Z,FORWARD,SYNTHETIC,DEV_SYNTHETIC,2025020706,TOTAL,FULL_GAME,OVER,6.5,,,2025020706:TOTAL:OVER:+6.5,2025020706:TOTAL:+6.5,synthbook,synthetic,OVER@2026-01-20T03:00:00Z#synthetic|UNDER@2026-01-20T03:00:00Z#synthetic,2026-01-20T03:00:00Z,660.0,105,2.05,0.48780488,0.467532,multiplicative,0.04336043,0.466938,0.466938,0.0,114,2.14160997,-0.000594,-0.042776,-0.042776,HOME:UNKNOWN(8470595@0.549)|AWAY:UNKNOWN(8470639@0.532),G:a488c624bc4d8d89,UNKNOWN,R:5a6a727e3437a91e,nhl-gs-0.1.0,nhl-feat-0.1.0,PR:22465be539be19fb,LC:67c7cb02a1bcdc94,"[""pull_trailing_by_1_seconds"", ""pull_trailing_by_2_seconds"", ""rate_4v4_mult"", ""rate_6v5_attack"", ""rate_empty_net"", ""rate_pp"", ""rate_sh"", ""score_effect_beta"", ""score_effect_beta_p3""]",bcb139690e46,DS:a030b3c61cb6482d,0.9457,BLOCKED,PASS,INELIGIBLE_DEV,"[""HARD_BLOCK:SIMULATED_CLOCK"", ""HARD_BLOCK:STALE_PRICE"", ""HARD_BLOCK:SYNTHETIC_SOURCE""]","[""HARD_BLOCK:SYNTHETIC_SOURCE"", ""HARD_BLOCK:SIMULATED_CLOCK"", ""HARD_BLOCK:STALE_PRICE""]",S:bf39b449471841d6079c67fe
P:55562820c3b984d63942,artifact-v2,2026-01-20T14:00:00Z,2026-01-20T14:00:00Z,2026-01-20T23:00:00Z,FORWARD,SYNTHETIC,DEV_SYNTHETIC,2025020706,TOTAL,FULL_GAME,UNDER,6.5,,,2025020706:TOTAL:UNDER:+6.5,2025020706:TOTAL:+6.5,synthbook,synthetic,OVER@2026-01-20T03:00:00Z#synthetic|UNDER@2026-01-20T03:00:00Z#synthetic,2026-01-20T03:00:00Z,660.0,-125,1.8,0.55555556,0.532468,multiplicative,0.04336043,0.533062,0.533062,0.0,-114,1.87595591,0.000594,-0.040489,-0.040489,HOME:UNKNOWN(8470595@0.549)|AWAY:UNKNOWN(8470639@0.532),G:a488c624bc4d8d89,UNKNOWN,R:5a6a727e3437a91e,nhl-gs-0.1.0,nhl-feat-0.1.0,PR:22465be539be19fb,LC:67c7cb02a1bcdc94,"[""pull_trailing_by_1_seconds"", ""pull_trailing_by_2_seconds"", ""rate_4v4_mult"", ""rate_6v5_attack"", ""rate_empty_net"", ""rate_pp"", ""rate_sh"", ""score_effect_beta"", ""score_effect_beta_p3""]",bcb139690e46,DS:a030b3c61cb6482d,0.9457,BLOCKED,PASS,INELIGIBLE_DEV,"[""HARD_BLOCK:SIMULATED_CLOCK"", ""HARD_BLOCK:STALE_PRICE"", ""HARD_BLOCK:SYNTHETIC_SOURCE""]","[""HARD_BLOCK:SYNTHETIC_SOURCE"", ""HARD_BLOCK:SIMULATED_CLOCK"", ""HARD_BLOCK:STALE_PRICE""]",S:60624fdaba7d3afc157b6476
P:c24e067d4204aa9c8117,artifact-v2,2026-01-20T20:30:00Z,2026-01-20T20:30:00Z,2026-01-21T02:00:00Z,FORWARD,SYNTHETIC,DEV_SYNTHETIC,2025020702,ML,FULL_GAME,HOME,,,,2025020702:ML:HOME,2025020702:ML,synthbook,synthetic,HOME@2026-01-20T18:00:00Z#synthetic|AWAY@2026-01-20T18:00:00Z#synthetic,2026-01-20T18:00:00Z,150.0,-101,1.99009901,0.50248756,0.480451,multiplicative,0.04586656,0.491423,0.491423,0.0,103,2.03490871,0.010972,-0.02202,-0.02202,HOME:UNKNOWN(8470591@0.549)|AWAY:UNKNOWN(8470616@0.800),G:cde00f92eb90b09d,UNKNOWN,R:e54fff69cafca356,nhl-gs-0.1.0,nhl-feat-0.1.0,PR:22465be539be19fb,LC:67c7cb02a1bcdc94,"[""pull_trailing_by_1_seconds"", ""pull_trailing_by_2_seconds"", ""rate_4v4_mult"", ""rate_6v5_attack"", ""rate_empty_net"", ""rate_pp"", ""rate_sh"", ""score_effect_beta"", ""score_effect_beta_p3""]",bcb139690e46,DS:0bed14e213663aba,0.9457,BLOCKED,PASS,INELIGIBLE_DEV,"[""HARD_BLOCK:SIMULATED_CLOCK"", ""HARD_BLOCK:STALE_PRICE"", ""HARD_BLOCK:SYNTHETIC_SOURCE""]","[""HARD_BLOCK:SYNTHETIC_SOURCE"", ""HARD_BLOCK:SIMULATED_CLOCK"", ""HARD_BLOCK:STALE_PRICE""]",S:56c903d33cc898fde6e72fcd
P:5eb01ec3a0453f636a8a,artifact-v2,2026-01-20T20:30:00Z,2026-01-20T20:30:00Z,2026-01-21T02:00:00Z,FORWARD,SYNTHETIC,DEV_SYNTHETIC,2025020702,ML,FULL_GAME,AWAY,,,,2025020702:ML:AWAY,2025020702:ML,synthbook,synthetic,HOME@2026-01-20T18:00:00Z#synthetic|AWAY@2026-01-20T18:00:00Z#synthetic,2026-01-20T18:00:00Z,150.0,-119,1.84033613,0.543379,0.519549,multiplicative,0.04586656,0.508577,0.508577,0.0,-103,1.9662688,-0.010972,-0.064047,-0.064047,HOME:UNKNOWN(8470591@0.549)|AWAY:UNKNOWN(8470616@0.800),G:cde00f92eb90b09d,UNKNOWN,R:e54fff69cafca356,nhl-gs-0.1.0,nhl-feat-0.1.0,PR:22465be539be19fb,LC:67c7cb02a1bcdc94,"[""pull_trailing_by_1_seconds"", ""pull_trailing_by_2_seconds"", ""rate_4v4_mult"", ""rate_6v5_attack"", ""rate_empty_net"", ""rate_pp"", ""rate_sh"", ""score_effect_beta"", ""score_effect_beta_p3""]",bcb139690e46,DS:0bed14e213663aba,0.9457,BLOCKED,PASS,INELIGIBLE_DEV,"[""HARD_BLOCK:SIMULATED_CLOCK"", ""HARD_BLOCK:STALE_PRICE"", ""HARD_BLOCK:SYNTHETIC_SOURCE""]","[""HARD_BLOCK:SYNTHETIC_SOURCE"", ""HARD_BLOCK:SIMULATED_CLOCK"", ""HARD_BLOCK:STALE_PRICE""]",S:4524dbfb49115a6b2309941a
P:f7fe1071deb632afe2a4,artifact-v2,2026-01-20T20:30:00Z,2026-01-20T20:30:00Z,2026-01-21T02:00:00Z,FORWARD,SYNTHETIC,DEV_SYNTHETIC,2025020702,PUCK_LINE,FULL_GAME,HOME,-1.5,,,2025020702:PUCK_LINE:HOME:-1.5,2025020702:PUCK_LINE:-1.5,synthbook,synthetic,HOME@2026-01-20T18:00:00Z#synthetic|AWAY@2026-01-20T18:00:00Z#synthetic,2026-01-20T18:00:00Z,150.0,240,3.4,0.29411765,0.281522,multiplicative,0.04474109,0.262127,0.262127,0.0,281,3.81494838,-0.019395,-0.108769,-0.108769,HOME:UNKNOWN(8470591@0.549)|AWAY:UNKNOWN(8470616@0.800),G:cde00f92eb90b09d,UNKNOWN,R:e54fff69cafca356,nhl-gs-0.1.0,nhl-feat-0.1.0,PR:22465be539be19fb,LC:67c7cb02a1bcdc94,"[""pull_trailing_by_1_seconds"", ""pull_trailing_by_2_seconds"", ""rate_4v4_mult"", ""rate_6v5_attack"", ""rate_empty_net"", ""rate_pp"", ""rate_sh"", ""score_effect_beta"", ""score_effect_beta_p3""]",bcb139690e46,DS:0bed14e213663aba,0.9457,BLOCKED,PASS,INELIGIBLE_DEV,"[""HARD_BLOCK:SIMULATED_CLOCK"", ""HARD_BLOCK:STALE_PRICE"", ""HARD_BLOCK:SYNTHETIC_SOURCE""]","[""HARD_BLOCK:SYNTHETIC_SOURCE"", ""HARD_BLOCK:SIMULATED_CLOCK"", ""HARD_BLOCK:STALE_PRICE""]",S:1acf4b48d2968128a57311c0
P:fb33148503ec1e549192,artifact-v2,2026-01-20T20:30:00Z,2026-01-20T20:30:00Z,2026-01-21T02:00:00Z,FORWARD,SYNTHETIC,DEV_SYNTHETIC,2025020702,PUCK_LINE,FULL_GAME,AWAY,1.5,,,2025020702:PUCK_LINE:AWAY:+1.5,2025020702:PUCK_LINE:-1.5,synthbook,synthetic,HOME@2026-01-20T18:00:00Z#synthetic|AWAY@2026-01-20T18:00:00Z#synthetic,2026-01-20T18:00:00Z,150.0,-301,1.33222591,0.75062344,0.718478,multiplicative,0.04474109,0.737873,0.737873,0.0,-281,1.3552463,0.019395,-0.016986,-0.016986,HOME:UNKNOWN(8470591@0.549)|AWAY:UNKNOWN(8470616@0.800),G:cde00f92eb90b09d,UNKNOWN,R:e54fff69cafca356,nhl-gs-0.1.0,nhl-feat-0.1.0,PR:22465be539be19fb,LC:67c7cb02a1bcdc94,"[""pull_trailing_by_1_seconds"", ""pull_trailing_by_2_seconds"", ""rate_4v4_mult"", ""rate_6v5_attack"", ""rate_empty_net"", ""rate_pp"", ""rate_sh"", ""score_effect_beta"", ""score_effect_beta_p3""]",bcb139690e46,DS:0bed14e213663aba,0.9457,BLOCKED,PASS,INELIGIBLE_DEV,"[""HARD_BLOCK:SIMULATED_CLOCK"", ""HARD_BLOCK:STALE_PRICE"", ""HARD_BLOCK:SYNTHETIC_SOURCE""]","[""HARD_BLOCK:SYNTHETIC_SOURCE"", ""HARD_BLOCK:SIMULATED_CLOCK"", ""HARD_BLOCK:STALE_PRICE""]",S:9d19ef6faedc0f411bbc4445
P:4ffe25cd908fd9397cb6,artifact-v2,2026-01-20T20:30:00Z,2026-01-20T20:30:00Z,2026-01-21T02:00:00Z,FORWARD,SYNTHETIC,DEV_SYNTHETIC,2025020702,REG_3WAY,REGULATION,HOME,,,,2025020702:REG_3WAY:HOME,2025020702:REG_3WAY,synthbook,synthetic,HOME@2026-01-20T18:00:00Z#synthetic|DRAW@2026-01-20T18:00:00Z#synthetic|AWAY@2026-01-20T18:00:00Z#synthetic,2026-01-20T18:00:00Z,150.0,165,2.65,0.37735849,0.359364,multiplicative,0.05007202,0.379696,0.379696,0.0,163,2.63368693,0.020331,0.006194,0.006194,HOME:UNKNOWN(8470591@0.549)|AWAY:UNKNOWN(8470616@0.800),G:cde00f92eb90b09d,UNKNOWN,R:e54fff69cafca356,nhl-gs-0.1.0,nhl-feat-0.1.0,PR:22465be539be19fb,LC:67c7cb02a1bcdc94,"[""pull_trailing_by_1_seconds"", ""pull_trailing_by_2_seconds"", ""rate_4v4_mult"", ""rate_6v5_attack"", ""rate_empty_net"", ""rate_pp"", ""rate_sh"", ""score_effect_beta"", ""score_effect_beta_p3""]",bcb139690e46,DS:0bed14e213663aba,0.9457,BLOCKED,PASS,INELIGIBLE_DEV,"[""HARD_BLOCK:SIMULATED_CLOCK"", ""HARD_BLOCK:STALE_PRICE"", ""HARD_BLOCK:SYNTHETIC_SOURCE""]","[""HARD_BLOCK:SYNTHETIC_SOURCE"", ""HARD_BLOCK:SIMULATED_CLOCK"", ""HARD_BLOCK:STALE_PRICE""]",S:522023b0a7cbb1523862a123
P:8f177f79b1148c9d33c8,artifact-v2,2026-01-20T20:30:00Z,2026-01-20T20:30:00Z,2026-01-21T02:00:00Z,FORWARD,SYNTHETIC,DEV_SYNTHETIC,2025020702,REG_3WAY,REGULATION,DRAW,,,,2025020702:REG_3WAY:DRAW,2025020702:REG_3WAY,synthbook,synthetic,HOME@2026-01-20T18:00:00Z#synthetic|DRAW@2026-01-20T18:00:00Z#synthetic|AWAY@2026-01-20T18:00:00Z#synthetic,2026-01-20T18:00:00Z,150.0,278,3.78,0.26455026,0.251935,multiplicative,0.05007202,0.238314,0.238314,0.0,320,4.19613755,-0.013621,-0.099172,-0.099172,HOME:UNKNOWN(8470591@0.549)|AWAY:UNKNOWN(8470616@0.800),G:cde00f92eb90b09d,UNKNOWN,R:e54fff69cafca356,nhl-gs-0.1.0,nhl-feat-0.1.0,PR:22465be539be19fb,LC:67c7cb02a1bcdc94,"[""pull_trailing_by_1_seconds"", ""pull_trailing_by_2_seconds"", ""rate_4v4_mult"", ""rate_6v5_attack"", ""rate_empty_net"", ""rate_pp"", ""rate_sh"", ""score_effect_beta"", ""score_effect_beta_p3""]",bcb139690e46,DS:0bed14e213663aba,0.9457,BLOCKED,PASS,INELIGIBLE_DEV,"[""HARD_BLOCK:SIMULATED_CLOCK"", ""HARD_BLOCK:STALE_PRICE"", ""HARD_BLOCK:SYNTHETIC_SOURCE""]","[""HARD_BLOCK:SYNTHETIC_SOURCE"", ""HARD_BLOCK:SIMULATED_CLOCK"", ""HARD_BLOCK:STALE_PRICE""]",S:4d8a064421863eaa8a26e007
P:1272905c5e29443dc254,artifact-v2,2026-01-20T20:30:00Z,2026-01-20T20:30:00Z,2026-01-21T02:00:00Z,FORWARD,SYNTHETIC,DEV_SYNTHETIC,2025020702,REG_3WAY,REGULATION,AWAY,,,,2025020702:REG_3WAY:AWAY,2025020702:REG_3WAY,synthbook,synthetic,HOME@2026-01-20T18:00:00Z#synthetic|DRAW@2026-01-20T18:00:00Z#synthetic|AWAY@2026-01-20T18:00:00Z#synthetic,2026-01-20T18:00:00Z,150.0,145,2.45,0.40816327,0.3887,multiplicative,0.05007202,0.38199,0.38199,0.0,162,2.61787129,-0.006711,-0.064125,-0.064125,HOME:UNKNOWN(8470591@0.549)|AWAY:UNKNOWN(8470616@0.800),G:cde00f92eb90b09d,UNKNOWN,R:e54fff69cafca356,nhl-gs-0.1.0,nhl-feat-0.1.0,PR:22465be539be19fb,LC:67c7cb02a1bcdc94,"[""pull_trailing_by_1_seconds"", ""pull_trailing_by_2_seconds"", ""rate_4v4_mult"", ""rate_6v5_attack"", ""rate_empty_net"", ""rate_pp"", ""rate_sh"", ""score_effect_beta"", ""score_effect_beta_p3""]",bcb139690e46,DS:0bed14e213663aba,0.9457,BLOCKED,PASS,INELIGIBLE_DEV,"[""HARD_BLOCK:SIMULATED_CLOCK"", ""HARD_BLOCK:STALE_PRICE"", ""HARD_BLOCK:SYNTHETIC_SOURCE""]","[""HARD_BLOCK:SYNTHETIC_SOURCE"", ""HARD_BLOCK:SIMULATED_CLOCK"", ""HARD_BLOCK:STALE_PRICE""]",S:f0ff52cf189f51b7cc9f6341
P:0d4c86f1e3cc304b25f7,artifact-v2,2026-01-20T20:30:00Z,2026-01-20T20:30:00Z,2026-01-21T02:00:00Z,FORWARD,SYNTHETIC,DEV_SYNTHETIC,2025020702,TEAM_TOTAL,FULL_GAME,OVER,2.5,COL,,2025020702:TEAM_TOTAL:COL:OVER:+2.5,2025020702:TEAM_TOTAL:COL:+2.5,synthbook,synthetic,OVER@2026-01-20T18:00:00Z#synthetic|UNDER@2026-01-20T18:00:00Z#synthetic,2026-01-20T18:00:00Z,150.0,-247,1.4048583,0.71181556,0.681066,multiplicative,0.0451489,0.641126,0.641126,0.0,-179,1.55975638,-0.03994,-0.099309,-0.099309,HOME:UNKNOWN(8470591@0.549)|AWAY:UNKNOWN(8470616@0.800),G:cde00f92eb90b09d,UNKNOWN,R:e54fff69cafca356,nhl-gs-0.1.0,nhl-feat-0.1.0,PR:22465be539be19fb,LC:67c7cb02a1bcdc94,"[""pull_trailing_by_1_seconds"", ""pull_trailing_by_2_seconds"", ""rate_4v4_mult"", ""rate_6v5_attack"", ""rate_empty_net"", ""rate_pp"", ""rate_sh"", ""score_effect_beta"", ""score_effect_beta_p3""]",bcb139690e46,DS:0bed14e213663aba,0.9457,BLOCKED,PASS,INELIGIBLE_DEV,"[""HARD_BLOCK:SIMULATED_CLOCK"", ""HARD_BLOCK:STALE_PRICE"", ""HARD_BLOCK:SYNTHETIC_SOURCE""]","[""HARD_BLOCK:SYNTHETIC_SOURCE"", ""HARD_BLOCK:SIMULATED_CLOCK"", ""HARD_BLOCK:STALE_PRICE""]",S:31158f4a7fc26605ed4ca7f0
P:4e1fc20fc99eef236f59,artifact-v2,2026-01-20T20:30:00Z,2026-01-20T20:30:00Z,2026-01-21T02:00:00Z,FORWARD,SYNTHETIC,DEV_SYNTHETIC,2025020702,TEAM_TOTAL,FULL_GAME,UNDER,2.5,COL,,2025020702:TEAM_TOTAL:COL:UNDER:+2.5,2025020702:TEAM_TOTAL:COL:+2.5,synthbook,synthetic,OVER@2026-01-20T18:00:00Z#synthetic|UNDER@2026-01-20T18:00:00Z#synthetic,2026-01-20T18:00:00Z,150.0,200,3.0,0.33333333,0.318934,multiplicative,0.0451489,0.358874,0.358874,0.0,179,2.78649146,0.03994,0.076623,0.076623,HOME:UNKNOWN(8470591@0.549)|AWAY:UNKNOWN(8470616@0.800),G:cde00f92eb90b09d,UNKNOWN,R:e54fff69cafca356,nhl-gs-0.1.0,nhl-feat-0.1.0,PR:22465be539be19fb,LC:67c7cb02a1bcdc94,"[""pull_trailing_by_1_seconds"", ""pull_trailing_by_2_seconds"", ""rate_4v4_mult"", ""rate_6v5_attack"", ""rate_empty_net"", ""rate_pp"", ""rate_sh"", ""score_effect_beta"", ""score_effect_beta_p3""]",bcb139690e46,DS:0bed14e213663aba,0.9457,BLOCKED,WATCH,INELIGIBLE_DEV,"[""HARD_BLOCK:SIMULATED_CLOCK"", ""HARD_BLOCK:STALE_PRICE"", ""HARD_BLOCK:SYNTHETIC_SOURCE""]","[""HARD_BLOCK:SYNTHETIC_SOURCE"", ""HARD_BLOCK:SIMULATED_CLOCK"", ""HARD_BLOCK:STALE_PRICE""]",S:0e1bf3d4979b2d779c9ae549
P:69e01e59ab482081ea89,artifact-v2,2026-01-20T20:30:00Z,2026-01-20T20:30:00Z,2026-01-21T02:00:00Z,FORWARD,SYNTHETIC,DEV_SYNTHETIC,2025020702,TEAM_TOTAL,FULL_GAME,OVER,2.5,OTT,,2025020702:TEAM_TOTAL:OTT:OVER:+2.5,2025020702:TEAM_TOTAL:OTT:+2.5,synthbook,synthetic,OVER@2026-01-20T18:00:00Z#synthetic|UNDER@2026-01-20T18:00:00Z#synthetic,2026-01-20T18:00:00Z,150.0,-213,1.46948357,0.68051118,0.650911,multiplicative,0.04547469,0.661066,0.661066,0.0,-195,1.51270809,0.010155,-0.028574,-0.028574,HOME:UNKNOWN(8470591@0.549)|AWAY:UNKNOWN(8470616@0.800),G:cde00f92eb90b09d,UNKNOWN,R:e54fff69cafca356,nhl-gs-0.1.0,nhl-feat-0.1.0,PR:22465be539be19fb,LC:67c7cb02a1bcdc94,"[""pull_trailing_by_1_seconds"", ""pull_trailing_by_2_seconds"", ""rate_4v4_mult"", ""rate_6v5_attack"", ""rate_empty_net"", ""rate_pp"", ""rate_sh"", ""score_effect_beta"", ""score_effect_beta_p3""]",bcb139690e46,DS:0bed14e213663aba,0.9457,BLOCKED,PASS,INELIGIBLE_DEV,"[""HARD_BLOCK:SIMULATED_CLOCK"", ""HARD_BLOCK:STALE_PRICE"", ""HARD_BLOCK:SYNTHETIC_SOURCE""]","[""HARD_BLOCK:SYNTHETIC_SOURCE"", ""HARD_BLOCK:SIMULATED_CLOCK"", ""HARD_BLOCK:STALE_PRICE""]",S:3d7752c1e3114870f6de1b83
P:716863a3efa72726947c,artifact-v2,2026-01-20T20:30:00Z,2026-01-20T20:30:00Z,2026-01-21T02:00:00Z,FORWARD,SYNTHETIC,DEV_SYNTHETIC,2025020702,TEAM_TOTAL,FULL_GAME,UNDER,2.5,OTT,,2025020702:TEAM_TOTAL:OTT:UNDER:+2.5,2025020702:TEAM_TOTAL:OTT:+2.5,synthbook,synthetic,OVER@2026-01-20T18:00:00Z#synthetic|UNDER@2026-01-20T18:00:00Z#synthetic,2026-01-20T18:00:00Z,150.0,174,2.74,0.3649635,0.349089,multiplicative,0.04547469,0.338934,0.338934,0.0,195,2.95042759,-0.010155,-0.071321,-0.071321,HOME:UNKNOWN(8470591@0.549)|AWAY:UNKNOWN(8470616@0.800),G:cde00f92eb90b09d,UNKNOWN,R:e54fff69cafca356,nhl-gs-0.1.0,nhl-feat-0.1.0,PR:22465be539be19fb,LC:67c7cb02a1bcdc94,"[""pull_trailing_by_1_seconds"", ""pull_trailing_by_2_seconds"", ""rate_4v4_mult"", ""rate_6v5_attack"", ""rate_empty_net"", ""rate_pp"", ""rate_sh"", ""score_effect_beta"", ""score_effect_beta_p3""]",bcb139690e46,DS:0bed14e213663aba,0.9457,BLOCKED,PASS,INELIGIBLE_DEV,"[""HARD_BLOCK:SIMULATED_CLOCK"", ""HARD_BLOCK:STALE_PRICE"", ""HARD_BLOCK:SYNTHETIC_SOURCE""]","[""HARD_BLOCK:SYNTHETIC_SOURCE"", ""HARD_BLOCK:SIMULATED_CLOCK"", ""HARD_BLOCK:STALE_PRICE""]",S:28ad274635024eaeaf78b4a5
P:abe6a032cb5744fdb197,artifact-v2,2026-01-20T20:30:00Z,2026-01-20T20:30:00Z,2026-01-21T02:00:00Z,FORWARD,SYNTHETIC,DEV_SYNTHETIC,2025020702,TOTAL,FULL_GAME,OVER,6.5,,,2025020702:TOTAL:OVER:+6.5,2025020702:TOTAL:+6.5,synthbook,synthetic,OVER@2026-01-20T18:00:00Z#synthetic|UNDER@2026-01-20T18:00:00Z#synthetic,2026-01-20T18:00:00Z,150.0,110,2.1,0.47619048,0.455617,multiplicative,0.04515599,0.507877,0.507877,0.0,-103,1.96898023,0.05226,0.066542,0.066542,HOME:UNKNOWN(8470591@0.549)|AWAY:UNKNOWN(8470616@0.800),G:cde00f92eb90b09d,UNKNOWN,R:e54fff69cafca356,nhl-gs-0.1.0,nhl-feat-0.1.0,PR:22465be539be19fb,LC:67c7cb02a1bcdc94,"[""pull_trailing_by_1_seconds"", ""pull_trailing_by_2_seconds"", ""rate_4v4_mult"", ""rate_6v5_attack"", ""rate_empty_net"", ""rate_pp"", ""rate_sh"", ""score_effect_beta"", ""score_effect_beta_p3""]",bcb139690e46,DS:0bed14e213663aba,0.9457,BLOCKED,MODEL_PLUS,INELIGIBLE_DEV,"[""HARD_BLOCK:SIMULATED_CLOCK"", ""HARD_BLOCK:STALE_PRICE"", ""HARD_BLOCK:SYNTHETIC_SOURCE""]","[""HARD_BLOCK:SYNTHETIC_SOURCE"", ""HARD_BLOCK:SIMULATED_CLOCK"", ""HARD_BLOCK:STALE_PRICE""]",S:a40683726629f69ef86e541c
P:044a325849b6ba28d548,artifact-v2,2026-01-20T20:30:00Z,2026-01-20T20:30:00Z,2026-01-21T02:00:00Z,FORWARD,SYNTHETIC,DEV_SYNTHETIC,2025020702,TOTAL,FULL_GAME,UNDER,6.5,,,2025020702:TOTAL:UNDER:+6.5,2025020702:TOTAL:+6.5,synthbook,synthetic,OVER@2026-01-20T18:00:00Z#synthetic|UNDER@2026-01-20T18:00:00Z#synthetic,2026-01-20T18:00:00Z,150.0,-132,1.75757576,0.56896552,0.544383,multiplicative,0.04515599,0.492123,0.492123,0.0,103,2.0320128,-0.05226,-0.135057,-0.135057,HOME:UNKNOWN(8470591@0.549)|AWAY:UNKNOWN(8470616@0.800),G:cde00f92eb90b09d,UNKNOWN,R:e54fff69cafca356,nhl-gs-0.1.0,nhl-feat-0.1.0,PR:22465be539be19fb,LC:67c7cb02a1bcdc94,"[""pull_trailing_by_1_seconds"", ""pull_trailing_by_2_seconds"", ""rate_4v4_mult"", ""rate_6v5_attack"", ""rate_empty_net"", ""rate_pp"", ""rate_sh"", ""score_effect_beta"", ""score_effect_beta_p3""]",bcb139690e46,DS:0bed14e213663aba,0.9457,BLOCKED,PASS,INELIGIBLE_DEV,"[""HARD_BLOCK:SIMULATED_CLOCK"", ""HARD_BLOCK:STALE_PRICE"", ""HARD_BLOCK:SYNTHETIC_SOURCE""]","[""HARD_BLOCK:SYNTHETIC_SOURCE"", ""HARD_BLOCK:SIMULATED_CLOCK"", ""HARD_BLOCK:STALE_PRICE""]",S:41e5cbf30cb9a382ae2ae8f7
P:1b9784fedb1333d845f3,artifact-v2,2026-01-20T20:30:00Z,2026-01-20T20:30:00Z,2026-01-21T02:00:00Z,FORWARD,SYNTHETIC,DEV_SYNTHETIC,2025020703,ML,FULL_GAME,HOME,,,,2025020703:ML:HOME,2025020703:ML,synthbook,synthetic,HOME@2026-01-20T18:00:00Z#synthetic|AWAY@2026-01-20T18:00:00Z#synthetic,2026-01-20T18:00:00Z,150.0,-111,1.9009009,0.52606635,0.50327,multiplicative,0.04529712,0.579492,0.579492,0.0,-138,1.72564925,0.076222,0.101557,0.101557,HOME:PROJECTED(8470597@0.880)|AWAY:UNKNOWN(8470588@0.599),G:e083771aa725be3e,UNKNOWN,R:4a78ef6c56bf9108,nhl-gs-0.1.0,nhl-feat-0.1.0,PR:22465be539be19fb,LC:67c7cb02a1bcdc94,"[""pull_trailing_by_1_seconds"", ""pull_trailing_by_2_seconds"", ""rate_4v4_mult"", ""rate_6v5_attack"", ""rate_empty_net"", ""rate_pp"", ""rate_sh"", ""score_effect_beta"", ""score_effect_beta_p3""]",bcb139690e46,DS:0bed14e213663aba,0.9457,BLOCKED,MODEL_PLUS,INELIGIBLE_DEV,"[""HARD_BLOCK:SIMULATED_CLOCK"", ""HARD_BLOCK:STALE_PRICE"", ""HARD_BLOCK:SYNTHETIC_SOURCE""]","[""HARD_BLOCK:SYNTHETIC_SOURCE"", ""HARD_BLOCK:SIMULATED_CLOCK"", ""HARD_BLOCK:STALE_PRICE""]",S:9e93bd232267dc197dbe0463
P:44f2bfcfa9d460e0fbf3,artifact-v2,2026-01-20T20:30:00Z,2026-01-20T20:30:00Z,2026-01-21T02:00:00Z,FORWARD,SYNTHETIC,DEV_SYNTHETIC,2025020703,ML,FULL_GAME,AWAY,,,,2025020703:ML:AWAY,2025020703:ML,synthbook,synthetic,HOME@2026-01-20T18:00:00Z#synthetic|AWAY@2026-01-20T18:00:00Z#synthetic,2026-01-20T18:00:00Z,150.0,-108,1.92592593,0.51923077,0.49673,multiplicative,0.04529712,0.420508,0.420508,0.0,138,2.37807626,-0.076222,-0.190133,-0.190133,HOME:PROJECTED(8470597@0.880)|AWAY:UNKNOWN(8470588@0.599),G:e083771aa725be3e,UNKNOWN,R:4a78ef6c56bf9108,nhl-gs-0.1.0,nhl-feat-0.1.0,PR:22465be539be19fb,LC:67c7cb02a1bcdc94,"[""pull_trailing_by_1_seconds"", ""pull_trailing_by_2_seconds"", ""rate_4v4_mult"", ""rate_6v5_attack"", ""rate_empty_net"", ""rate_pp"", ""rate_sh"", ""score_effect_beta"", ""score_effect_beta_p3""]",bcb139690e46,DS:0bed14e213663aba,0.9457,BLOCKED,PASS,INELIGIBLE_DEV,"[""HARD_BLOCK:SIMULATED_CLOCK"", ""HARD_BLOCK:STALE_PRICE"", ""HARD_BLOCK:SYNTHETIC_SOURCE""]","[""HARD_BLOCK:SYNTHETIC_SOURCE"", ""HARD_BLOCK:SIMULATED_CLOCK"", ""HARD_BLOCK:STALE_PRICE""]",S:2067db558e9ea95b63fb9294
P:33804d18a4161753c67f,artifact-v2,2026-01-20T20:30:00Z,2026-01-20T20:30:00Z,2026-01-21T02:00:00Z,FORWARD,SYNTHETIC,DEV_SYNTHETIC,2025020703,PUCK_LINE,FULL_GAME,HOME,-1.5,,,2025020703:PUCK_LINE:HOME:-1.5,2025020703:PUCK_LINE:-1.5,synthbook,synthetic,HOME@2026-01-20T18:00:00Z#synthetic|AWAY@2026-01-20T18:00:00Z#synthetic,2026-01-20T18:00:00Z,150.0,222,3.22,0.31055901,0.297299,multiplicative,0.04460156,0.339972,0.339972,0.0,194,2.94141464,0.042673,0.094711,0.094711,HOME:PROJECTED(8470597@0.880)|AWAY:UNKNOWN(8470588@0.599),G:e083771aa725be3e,UNKNOWN,R:4a78ef6c56bf9108,nhl-gs-0.1.0,nhl-feat-0.1.0,PR:22465be539be19fb,LC:67c7cb02a1bcdc94,"[""pull_trailing_by_1_seconds"", ""pull_trailing_by_2_seconds"", ""rate_4v4_mult"", ""rate_6v5_attack"", ""rate_empty_net"", ""rate_pp"", ""rate_sh"", ""score_effect_beta"", ""score_effect_beta_p3""]",bcb139690e46,DS:0bed14e213663aba,0.9457,BLOCKED,MODEL_PLUS,INELIGIBLE_DEV,"[""HARD_BLOCK:SIMULATED_CLOCK"", ""HARD_BLOCK:STALE_PRICE"", ""HARD_BLOCK:SYNTHETIC_SOURCE""]","[""HARD_BLOCK:SYNTHETIC_SOURCE"", ""HARD_BLOCK:SIMULATED_CLOCK"", ""HARD_BLOCK:STALE_PRICE""]",S:9e8aedde7a959564c89c483a
P:1343d5b7bc34d757c550,artifact-v2,2026-01-20T20:30:00Z,2026-01-20T20:30:00Z,2026-01-21T02:00:00Z,FORWARD,SYNTHETIC,DEV_SYNTHETIC,2025020703,PUCK_LINE,FULL_GAME,AWAY,1.5,,,2025020703:PUCK_LINE:AWAY:+1.5,2025020703:PUCK_LINE:-1.5,synthbook,synthetic,HOME@2026-01-20T18:00:00Z#synthetic|AWAY@2026-01-20T18:00:00Z#synthetic,2026-01-20T18:00:00Z,150.0,-276,1.36231884,0.73404255,0.702701,multiplicative,0.04460156,0.660028,0.660028,0.0,-194,1.51508832,-0.042673,-0.100832,-0.100832,HOME:PROJECTED(8470597@0.880)|AWAY:UNKNOWN(8470588@0.599),G:e083771aa725be3e,UNKNOWN,R:4a78ef6c56bf9108,nhl-gs-0.1.0,nhl-feat-0.1.0,PR:22465be539be19fb,LC:67c7cb02a1bcdc94,"[""pull_trailing_by_1_seconds"", ""pull_trailing_by_2_seconds"", ""rate_4v4_mult"", ""rate_6v5_attack"", ""rate_empty_net"", ""rate_pp"", ""rate_sh"", ""score_effect_beta"", ""score_effect_beta_p3""]",bcb139690e46,DS:0bed14e213663aba,0.9457,BLOCKED,PASS,INELIGIBLE_DEV,"[""HARD_BLOCK:SIMULATED_CLOCK"", ""HARD_BLOCK:STALE_PRICE"", ""HARD_BLOCK:SYNTHETIC_SOURCE""]","[""HARD_BLOCK:SYNTHETIC_SOURCE"", ""HARD_BLOCK:SIMULATED_CLOCK"", ""HARD_BLOCK:STALE_PRICE""]",S:2ed4cf85f93c05d828cece26
P:a4908ca00e944548241f,artifact-v2,2026-01-20T20:30:00Z,2026-01-20T20:30:00Z,2026-01-21T02:00:00Z,FORWARD,SYNTHETIC,DEV_SYNTHETIC,2025020703,REG_3WAY,REGULATION,HOME,,,,2025020703:REG_3WAY:HOME,2025020703:REG_3WAY,synthbook,synthetic,HOME@2026-01-20T18:00:00Z#synthetic|DRAW@2026-01-20T18:00:00Z#synthetic|AWAY@2026-01-20T18:00:00Z#synthetic,2026-01-20T18:00:00Z,150.0,102,2.02,0.4950495,0.471737,multiplicative,0.04941888,0.464046,0.464046,0.0,115,2.15495799,-0.007691,-0.062627,-0.062627,HOME:PROJECTED(8470597@0.880)|AWAY:UNKNOWN(8470588@0.599),G:e083771aa725be3e,UNKNOWN,R:4a78ef6c56bf9108,nhl-gs-0.1.0,nhl-feat-0.1.0,PR:22465be539be19fb,LC:67c7cb02a1bcdc94,"[""pull_trailing_by_1_seconds"", ""pull_trailing_by_2_seconds"", ""rate_4v4_mult"", ""rate_6v5_attack"", ""rate_empty_net"", ""rate_pp"", ""rate_sh"", ""score_effect_beta"", ""score_effect_beta_p3""]",bcb139690e46,DS:0bed14e213663aba,0.9457,BLOCKED,PASS,INELIGIBLE_DEV,"[""HARD_BLOCK:SIMULATED_CLOCK"", ""HARD_BLOCK:STALE_PRICE"", ""HARD_BLOCK:SYNTHETIC_SOURCE""]","[""HARD_BLOCK:SYNTHETIC_SOURCE"", ""HARD_BLOCK:SIMULATED_CLOCK"", ""HARD_BLOCK:STALE_PRICE""]",S:a850045c9549eed4ad8ac5cc
P:f5916bf59198c1c6a4ff,artifact-v2,2026-01-20T20:30:00Z,2026-01-20T20:30:00Z,2026-01-21T02:00:00Z,FORWARD,SYNTHETIC,DEV_SYNTHETIC,2025020703,REG_3WAY,REGULATION,DRAW,,,,2025020703:REG_3WAY:DRAW,2025020703:REG_3WAY,synthbook,synthetic,HOME@2026-01-20T18:00:00Z#synthetic|DRAW@2026-01-20T18:00:00Z#synthetic|AWAY@2026-01-20T18:00:00Z#synthetic,2026-01-20T18:00:00Z,150.0,295,3.95,0.25316456,0.241243,multiplicative,0.04941888,0.224113,0.224113,0.0,346,4.46202684,-0.017129,-0.114752,-0.114752,HOME:PROJECTED(8470597@0.880)|AWAY:UNKNOWN(8470588@0.599),G:e083771aa725be3e,UNKNOWN,R:4a78ef6c56bf9108,nhl-gs-0.1.0,nhl-feat-0.1.0,PR:22465be539be19fb,LC:67c7cb02a1bcdc94,"[""pull_trailing_by_1_seconds"", ""pull_trailing_by_2_seconds"", ""rate_4v4_mult"", ""rate_6v5_attack"", ""rate_empty_net"", ""rate_pp"", ""rate_sh"", ""score_effect_beta"", ""score_effect_beta_p3""]",bcb139690e46,DS:0bed14e213663aba,0.9457,BLOCKED,PASS,INELIGIBLE_DEV,"[""HARD_BLOCK:SIMULATED_CLOCK"", ""HARD_BLOCK:STALE_PRICE"", ""HARD_BLOCK:SYNTHETIC_SOURCE""]","[""HARD_BLOCK:SYNTHETIC_SOURCE"", ""HARD_BLOCK:SIMULATED_CLOCK"", ""HARD_BLOCK:STALE_PRICE""]",S:2e33667fa27ea63a198e204c
P:bb84d9f73604d3934bea,artifact-v2,2026-01-20T20:30:00Z,2026-01-20T20:30:00Z,2026-01-21T02:00:00Z,FORWARD,SYNTHETIC,DEV_SYNTHETIC,2025020703,REG_3WAY,REGULATION,AWAY,,,,2025020703:REG_3WAY:AWAY,2025020703:REG_3WAY,synthbook,synthetic,HOME@2026-01-20T18:00:00Z#synthetic|DRAW@2026-01-20T18:00:00Z#synthetic|AWAY@2026-01-20T18:00:00Z#synthetic,2026-01-20T18:00:00Z,150.0,232,3.32,0.30120482,0.287021,multiplicative,0.04941888,0.31184,0.31184,0.0,221,3.20676826,0.02482,0.03531,0.03531,HOME:PROJECTED(8470597@0.880)|AWAY:UNKNOWN(8470588@0.599),G:e083771aa725be3e,UNKNOWN,R:4a78ef6c56bf9108,nhl-gs-0.1.0,nhl-feat-0.1.0,PR:22465be539be19fb,LC:67c7cb02a1bcdc94,"[""pull_trailing_by_1_seconds"", ""pull_trailing_by_2_seconds"", ""rate_4v4_mult"", ""rate_6v5_attack"", ""rate_empty_net"", ""rate_pp"", ""rate_sh"", ""score_effect_beta"", ""score_effect_beta_p3""]",bcb139690e46,DS:0bed14e213663aba,0.9457,BLOCKED,PASS,INELIGIBLE_DEV,"[""HARD_BLOCK:SIMULATED_CLOCK"", ""HARD_BLOCK:STALE_PRICE"", ""HARD_BLOCK:SYNTHETIC_SOURCE""]","[""HARD_BLOCK:SYNTHETIC_SOURCE"", ""HARD_BLOCK:SIMULATED_CLOCK"", ""HARD_BLOCK:STALE_PRICE""]",S:8a43c748fad5719bc108ba0b
P:f4c9f5f23f59be298a61,artifact-v2,2026-01-20T20:30:00Z,2026-01-20T20:30:00Z,2026-01-21T02:00:00Z,FORWARD,SYNTHETIC,DEV_SYNTHETIC,2025020703,TEAM_TOTAL,FULL_GAME,OVER,2.5,CGY,,2025020703:TEAM_TOTAL:CGY:OVER:+2.5,2025020703:TEAM_TOTAL:CGY:+2.5,synthbook,synthetic,OVER@2026-01-20T18:00:00Z#synthetic|UNDER@2026-01-20T18:00:00Z#synthetic,2026-01-20T18:00:00Z,150.0,-188,1.53191489,0.65277778,0.624707,multiplicative,0.04493464,0.572403,0.572403,0.0,-134,1.74702175,-0.052304,-0.123128,-0.123128,HOME:PROJECTED(8470597@0.880)|AWAY:UNKNOWN(8470588@0.599),G:e083771aa725be3e,UNKNOWN,R:4a78ef6c56bf9108,nhl-gs-0.1.0,nhl-feat-0.1.0,PR:22465be539be19fb,LC:67c7cb02a1bcdc94,"[""pull_trailing_by_1_seconds"", ""pull_trailing_by_2_seconds"", ""rate_4v4_mult"", ""rate_6v5_attack"", ""rate_empty_net"", ""rate_pp"", ""rate_sh"", ""score_effect_beta"", ""score_effect_beta_p3""]",bcb139690e46,DS:0bed14e213663aba,0.9457,BLOCKED,PASS,INELIGIBLE_DEV,"[""HARD_BLOCK:SIMULATED_CLOCK"", ""HARD_BLOCK:STALE_PRICE"", ""HARD_BLOCK:SYNTHETIC_SOURCE""]","[""HARD_BLOCK:SYNTHETIC_SOURCE"", ""HARD_BLOCK:SIMULATED_CLOCK"", ""HARD_BLOCK:STALE_PRICE""]",S:db0c7e7c9135aa0e5b283a45
P:25f1dab5651f1f1e1ea0,artifact-v2,2026-01-20T20:30:00Z,2026-01-20T20:30:00Z,2026-01-21T02:00:00Z,FORWARD,SYNTHETIC,DEV_SYNTHETIC,2025020703,TEAM_TOTAL,FULL_GAME,UNDER,2.5,CGY,,2025020703:TEAM_TOTAL:CGY:UNDER:+2.5,2025020703:TEAM_TOTAL:CGY:+2.5,synthbook,synthetic,OVER@2026-01-20T18:00:00Z#synthetic|UNDER@2026-01-20T18:00:00Z#synthetic,2026-01-20T18:00:00Z,150.0,155,2.55,0.39215686,0.375293,multiplicative,0.04493464,0.427597,0.427597,0.0,134,2.33864911,0.052304,0.090373,0.090373,HOME:PROJECTED(8470597@0.880)|AWAY:UNKNOWN(8470588@0.599),G:e083771aa725be3e,UNKNOWN,R:4a78ef6c56bf9108,nhl-gs-0.1.0,nhl-feat-0.1.0,PR:22465be539be19fb,LC:67c7cb02a1bcdc94,"[""pull_trailing_by_1_seconds"", ""pull_trailing_by_2_seconds"", ""rate_4v4_mult"", ""rate_6v5_attack"", ""rate_empty_net"", ""rate_pp"", ""rate_sh"", ""score_effect_beta"", ""score_effect_beta_p3""]",bcb139690e46,DS:0bed14e213663aba,0.9457,BLOCKED,MODEL_PLUS,INELIGIBLE_DEV,"[""HARD_BLOCK:SIMULATED_CLOCK"", ""HARD_BLOCK:STALE_PRICE"", ""HARD_BLOCK:SYNTHETIC_SOURCE""]","[""HARD_BLOCK:SYNTHETIC_SOURCE"", ""HARD_BLOCK:SIMULATED_CLOCK"", ""HARD_BLOCK:STALE_PRICE""]",S:93776201f82f1a02fdcaedca
P:f34aef3d82612428560a,artifact-v2,2026-01-20T20:30:00Z,2026-01-20T20:30:00Z,2026-01-21T02:00:00Z,FORWARD,SYNTHETIC,DEV_SYNTHETIC,2025020703,TEAM_TOTAL,FULL_GAME,OVER,2.5,EDM,,2025020703:TEAM_TOTAL:EDM:OVER:+2.5,2025020703:TEAM_TOTAL:EDM:+2.5,synthbook,synthetic,OVER@2026-01-20T18:00:00Z#synthetic|UNDER@2026-01-20T18:00:00Z#synthetic,2026-01-20T18:00:00Z,150.0,-227,1.44052863,0.6941896,0.664254,multiplicative,0.0450668,0.678878,0.678878,0.0,-211,1.47301812,0.014624,-0.022056,-0.022056,HOME:PROJECTED(8470597@0.880)|AWAY:UNKNOWN(8470588@0.599),G:e083771aa725be3e,UNKNOWN,R:4a78ef6c56bf9108,nhl-gs-0.1.0,nhl-feat-0.1.0,PR:22465be539be19fb,LC:67c7cb02a1bcdc94,"[""pull_trailing_by_1_seconds"", ""pull_trailing_by_2_seconds"", ""rate_4v4_mult"", ""rate_6v5_attack"", ""rate_empty_net"", ""rate_pp"", ""rate_sh"", ""score_effect_beta"", ""score_effect_beta_p3""]",bcb139690e46,DS:0bed14e213663aba,0.9457,BLOCKED,PASS,INELIGIBLE_DEV,"[""HARD_BLOCK:SIMULATED_CLOCK"", ""HARD_BLOCK:STALE_PRICE"", ""HARD_BLOCK:SYNTHETIC_SOURCE""]","[""HARD_BLOCK:SYNTHETIC_SOURCE"", ""HARD_BLOCK:SIMULATED_CLOCK"", ""HARD_BLOCK:STALE_PRICE""]",S:c6bc3d9c196dc6db348503e6
P:8cb9ca9966185df34c75,artifact-v2,2026-01-20T20:30:00Z,2026-01-20T20:30:00Z,2026-01-21T02:00:00Z,FORWARD,SYNTHETIC,DEV_SYNTHETIC,2025020703,TEAM_TOTAL,FULL_GAME,UNDER,2.5,EDM,,2025020703:TEAM_TOTAL:EDM:UNDER:+2.5,2025020703:TEAM_TOTAL:EDM:+2.5,synthbook,synthetic,OVER@2026-01-20T18:00:00Z#synthetic|UNDER@2026-01-20T18:00:00Z#synthetic,2026-01-20T18:00:00Z,150.0,185,2.85,0.35087719,0.335746,multiplicative,0.0450668,0.321122,0.321122,0.0,211,3.1140839,-0.014624,-0.084803,-0.084803,HOME:PROJECTED(8470597@0.880)|AWAY:UNKNOWN(8470588@0.599),G:e083771aa725be3e,UNKNOWN,R:4a78ef6c56bf9108,nhl-gs-0.1.0,nhl-feat-0.1.0,PR:22465be539be19fb,LC:67c7cb02a1bcdc94,"[""pull_trailing_by_1_seconds"", ""pull_trailing_by_2_seconds"", ""rate_4v4_mult"", ""rate_6v5_attack"", ""rate_empty_net"", ""rate_pp"", ""rate_sh"", ""score_effect_beta"", ""score_effect_beta_p3""]",bcb139690e46,DS:0bed14e213663aba,0.9457,BLOCKED,PASS,INELIGIBLE_DEV,"[""HARD_BLOCK:SIMULATED_CLOCK"", ""HARD_BLOCK:STALE_PRICE"", ""HARD_BLOCK:SYNTHETIC_SOURCE""]","[""HARD_BLOCK:SYNTHETIC_SOURCE"", ""HARD_BLOCK:SIMULATED_CLOCK"", ""HARD_BLOCK:STALE_PRICE""]",S:abd61dbfd4ebed8130ed0716
P:7fe3ca7fbe98712188db,artifact-v2,2026-01-20T20:30:00Z,2026-01-20T20:30:00Z,2026-01-21T02:00:00Z,FORWARD,SYNTHETIC,DEV_SYNTHETIC,2025020703,TOTAL,FULL_GAME,OVER,6.5,,,2025020703:TOTAL:OVER:+6.5,2025020703:TOTAL:+6.5,synthbook,synthetic,OVER@2026-01-20T18:00:00Z#synthetic|UNDER@2026-01-20T18:00:00Z#synthetic,2026-01-20T18:00:00Z,150.0,128,2.28,0.43859649,0.420378,multiplicative,0.04333957,0.46201,0.46201,0.0,116,2.16445588,0.041632,0.053383,0.053383,HOME:PROJECTED(8470597@0.880)|AWAY:UNKNOWN(8470588@0.599),G:e083771aa725be3e,UNKNOWN,R:4a78ef6c56bf9108,nhl-gs-0.1.0,nhl-feat-0.1.0,PR:22465be539be19fb,LC:67c7cb02a1bcdc94,"[""pull_trailing_by_1_seconds"", ""pull_trailing_by_2_seconds"", ""rate_4v4_mult"", ""rate_6v5_attack"", ""rate_empty_net"", ""rate_pp"", ""rate_sh"", ""score_effect_beta"", ""score_effect_beta_p3""]",bcb139690e46,DS:0bed14e213663aba,0.9457,BLOCKED,MODEL_PLUS,INELIGIBLE_DEV,"[""HARD_BLOCK:SIMULATED_CLOCK"", ""HARD_BLOCK:STALE_PRICE"", ""HARD_BLOCK:SYNTHETIC_SOURCE""]","[""HARD_BLOCK:SYNTHETIC_SOURCE"", ""HARD_BLOCK:SIMULATED_CLOCK"", ""HARD_BLOCK:STALE_PRICE""]",S:67c7370d1933f30d378059ba
P:ef26b51dce02a9d0d882,artifact-v2,2026-01-20T20:30:00Z,2026-01-20T20:30:00Z,2026-01-21T02:00:00Z,FORWARD,SYNTHETIC,DEV_SYNTHETIC,2025020703,TOTAL,FULL_GAME,UNDER,6.5,,,2025020703:TOTAL:UNDER:+6.5,2025020703:TOTAL:+6.5,synthbook,synthetic,OVER@2026-01-20T18:00:00Z#synthetic|UNDER@2026-01-20T18:00:00Z#synthetic,2026-01-20T18:00:00Z,150.0,-153,1.65359477,0.60474308,0.579622,multiplicative,0.04333957,0.53799,0.53799,0.0,-116,1.85877019,-0.041632,-0.110382,-0.110382,HOME:PROJECTED(8470597@0.880)|AWAY:UNKNOWN(8470588@0.599),G:e083771aa725be3e,UNKNOWN,R:4a78ef6c56bf9108,nhl-gs-0.1.0,nhl-feat-0.1.0,PR:22465be539be19fb,LC:67c7cb02a1bcdc94,"[""pull_trailing_by_1_seconds"", ""pull_trailing_by_2_seconds"", ""rate_4v4_mult"", ""rate_6v5_attack"", ""rate_empty_net"", ""rate_pp"", ""rate_sh"", ""score_effect_beta"", ""score_effect_beta_p3""]",bcb139690e46,DS:0bed14e213663aba,0.9457,BLOCKED,PASS,INELIGIBLE_DEV,"[""HARD_BLOCK:SIMULATED_CLOCK"", ""HARD_BLOCK:STALE_PRICE"", ""HARD_BLOCK:SYNTHETIC_SOURCE""]","[""HARD_BLOCK:SYNTHETIC_SOURCE"", ""HARD_BLOCK:SIMULATED_CLOCK"", ""HARD_BLOCK:STALE_PRICE""]",S:17572426755beae8da0f7d71
P:36c4131d8262d0665b79,artifact-v2,2026-01-20T20:30:00Z,2026-01-20T20:30:00Z,2026-01-21T02:00:00Z,FORWARD,SYNTHETIC,DEV_SYNTHETIC,2025020704,ML,FULL_GAME,HOME,,,,2025020704:ML:HOME,2025020704:ML,synthbook,synthetic,HOME@2026-01-20T18:00:00Z#synthetic|AWAY@2026-01-20T18:00:00Z#synthetic,2026-01-20T18:00:00Z,150.0,104,2.04,0.49019608,0.469641,multiplicative,0.04376751,0.507508,0.507508,0.0,-103,1.97041148,0.037867,0.035317,0.035317,HOME:UNKNOWN(8470624@0.549)|AWAY:UNKNOWN(8470637@0.565),G:26d552dd634b787a,UNKNOWN,R:f6f34ead09663513,nhl-gs-0.1.0,nhl-feat-0.1.0,PR:22465be539be19fb,LC:67c7cb02a1bcdc94,"[""pull_trailing_by_1_seconds"", ""pull_trailing_by_2_seconds"", ""rate_4v4_mult"", ""rate_6v5_attack"", ""rate_empty_net"", ""rate_pp"", ""rate_sh"", ""score_effect_beta"", ""score_effect_beta_p3""]",bcb139690e46,DS:0bed14e213663aba,0.9457,BLOCKED,MODEL_PLUS,INELIGIBLE_DEV,"[""HARD_BLOCK:SIMULATED_CLOCK"", ""HARD_BLOCK:STALE_PRICE"", ""HARD_BLOCK:SYNTHETIC_SOURCE""]","[""HARD_BLOCK:SYNTHETIC_SOURCE"", ""HARD_BLOCK:SIMULATED_CLOCK"", ""HARD_BLOCK:STALE_PRICE""]",S:9e06a94c6ad020a60591e8a6
P:8108127ba6754d7bfb2b,artifact-v2,2026-01-20T20:30:00Z,2026-01-20T20:30:00Z,2026-01-21T02:00:00Z,FORWARD,SYNTHETIC,DEV_SYNTHETIC,2025020704,ML,FULL_GAME,AWAY,,,,2025020704:ML:AWAY,2025020704:ML,synthbook,synthetic,HOME@2026-01-20T18:00:00Z#synthetic|AWAY@2026-01-20T18:00:00Z#synthetic,2026-01-20T18:00:00Z,150.0,-124,1.80645161,0.55357143,0.530359,multiplicative,0.04376751,0.492492,0.492492,0.0,103,2.03049069,-0.037867,-0.110337,-0.110337,HOME:UNKNOWN(8470624@0.549)|AWAY:UNKNOWN(8470637@0.565),G:26d552dd634b787a,UNKNOWN,R:f6f34ead09663513,nhl-gs-0.1.0,nhl-feat-0.1.0,PR:22465be539be19fb,LC:67c7cb02a1bcdc94,"[""pull_trailing_by_1_seconds"", ""pull_trailing_by_2_seconds"", ""rate_4v4_mult"", ""rate_6v5_attack"", ""rate_empty_net"", ""rate_pp"", ""rate_sh"", ""score_effect_beta"", ""score_effect_beta_p3""]",bcb139690e46,DS:0bed14e213663aba,0.9457,BLOCKED,PASS,INELIGIBLE_DEV,"[""HARD_BLOCK:SIMULATED_CLOCK"", ""HARD_BLOCK:STALE_PRICE"", ""HARD_BLOCK:SYNTHETIC_SOURCE""]","[""HARD_BLOCK:SYNTHETIC_SOURCE"", ""HARD_BLOCK:SIMULATED_CLOCK"", ""HARD_BLOCK:STALE_PRICE""]",S:e24a08595090ffd3afbb76d1
P:15844fddf743a9e9bcea,artifact-v2,2026-01-20T20:30:00Z,2026-01-20T20:30:00Z,2026-01-21T02:00:00Z,FORWARD,SYNTHETIC,DEV_SYNTHETIC,2025020704,PUCK_LINE,FULL_GAME,HOME,-1.5,,,2025020704:PUCK_LINE:HOME:-1.5,2025020704:PUCK_LINE:-1.5,synthbook,synthetic,HOME@2026-01-20T18:00:00Z#synthetic|AWAY@2026-01-20T18:00:00Z#synthetic,2026-01-20T18:00:00Z,150.0,216,3.16,0.3164557,0.302911,multiplicative,0.04471657,0.271617,0.271617,0.0,268,3.68164957,-0.031293,-0.141689,-0.141689,HOME:UNKNOWN(8470624@0.549)|AWAY:UNKNOWN(8470637@0.565),G:26d552dd634b787a,UNKNOWN,R:f6f34ead09663513,nhl-gs-0.1.0,nhl-feat-0.1.0,PR:22465be539be19fb,LC:67c7cb02a1bcdc94,"[""pull_trailing_by_1_seconds"", ""pull_trailing_by_2_seconds"", ""rate_4v4_mult"", ""rate_6v5_attack"", ""rate_empty_net"", ""rate_pp"", ""rate_sh"", ""score_effect_beta"", ""score_effect_beta_p3""]",bcb139690e46,DS:0bed14e213663aba,0.9457,BLOCKED,PASS,INELIGIBLE_DEV,"[""HARD_BLOCK:SIMULATED_CLOCK"", ""HARD_BLOCK:STALE_PRICE"", ""HARD_BLOCK:SYNTHETIC_SOURCE""]","[""HARD_BLOCK:SYNTHETIC_SOURCE"", ""HARD_BLOCK:SIMULATED_CLOCK"", ""HARD_BLOCK:STALE_PRICE""]",S:b86b53ac4680d41df91ea54e
P:15ccd874d0b35cfe312f,artifact-v2,2026-01-20T20:30:00Z,2026-01-20T20:30:00Z,2026-01-21T02:00:00Z,FORWARD,SYNTHETIC,DEV_SYNTHETIC,2025020704,PUCK_LINE,FULL_GAME,AWAY,1.5,,,2025020704:PUCK_LINE:AWAY:+1.5,2025020704:PUCK_LINE:-1.5,synthbook,synthetic,HOME@2026-01-20T18:00:00Z#synthetic|AWAY@2026-01-20T18:00:00Z#synthetic,2026-01-20T18:00:00Z,150.0,-268,1.37313433,0.72826087,0.697089,multiplicative,0.04471657,0.728383,0.728383,0.0,-268,1.3729048,0.031293,0.000167,0.000167,HOME:UNKNOWN(8470624@0.549)|AWAY:UNKNOWN(8470637@0.565),G:26d552dd634b787a,UNKNOWN,R:f6f34ead09663513,nhl-gs-0.1.0,nhl-feat-0.1.0,PR:22465be539be19fb,LC:67c7cb02a1bcdc94,"[""pull_trailing_by_1_seconds"", ""pull_trailing_by_2_seconds"", ""rate_4v4_mult"", ""rate_6v5_attack"", ""rate_empty_net"", ""rate_pp"", ""rate_sh"", ""score_effect_beta"", ""score_effect_beta_p3""]",bcb139690e46,DS:0bed14e213663aba,0.9457,BLOCKED,WATCH,INELIGIBLE_DEV,"[""HARD_BLOCK:SIMULATED_CLOCK"", ""HARD_BLOCK:STALE_PRICE"", ""HARD_BLOCK:SYNTHETIC_SOURCE""]","[""HARD_BLOCK:SYNTHETIC_SOURCE"", ""HARD_BLOCK:SIMULATED_CLOCK"", ""HARD_BLOCK:STALE_PRICE""]",S:d13f9118cfc0d0d08f2a244e
P:802df23b9d4db5c33b22,artifact-v2,2026-01-20T20:30:00Z,2026-01-20T20:30:00Z,2026-01-21T02:00:00Z,FORWARD,SYNTHETIC,DEV_SYNTHETIC,2025020704,REG_3WAY,REGULATION,HOME,,,,2025020704:REG_3WAY:HOME,2025020704:REG_3WAY,synthbook,synthetic,HOME@2026-01-20T18:00:00Z#synthetic|DRAW@2026-01-20T18:00:00Z#synthetic|AWAY@2026-01-20T18:00:00Z#synthetic,2026-01-20T18:00:00Z,150.0,124,2.24,0.44642857,0.42519,multiplicative,0.04994955,0.393541,0.393541,0.0,154,2.54103112,-0.031649,-0.118468,-0.118468,HOME:UNKNOWN(8470624@0.549)|AWAY:UNKNOWN(8470637@0.565),G:26d552dd634b787a,UNKNOWN,R:f6f34ead09663513,nhl-gs-0.1.0,nhl-feat-0.1.0,PR:22465be539be19fb,LC:67c7cb02a1bcdc94,"[""pull_trailing_by_1_seconds"", ""pull_trailing_by_2_seconds"", ""rate_4v4_mult"", ""rate_6v5_attack"", ""rate_empty_net"", ""rate_pp"", ""rate_sh"", ""score_effect_beta"", ""score_effect_beta_p3""]",bcb139690e46,DS:0bed14e213663aba,0.9457,BLOCKED,PASS,INELIGIBLE_DEV,"[""HARD_BLOCK:SIMULATED_CLOCK"", ""HARD_BLOCK:STALE_PRICE"", ""HARD_BLOCK:SYNTHETIC_SOURCE""]","[""HARD_BLOCK:SYNTHETIC_SOURCE"", ""HARD_BLOCK:SIMULATED_CLOCK"", ""HARD_BLOCK:STALE_PRICE""]",S:b682fda2c8bf8dcdb17f5055
P:a18b1bc7e5580302150c,artifact-v2,2026-01-20T20:30:00Z,2026-01-20T20:30:00Z,2026-01-21T02:00:00Z,FORWARD,SYNTHETIC,DEV_SYNTHETIC,2025020704,REG_3WAY,REGULATION,DRAW,,,,2025020704:REG_3WAY:DRAW,2025020704:REG_3WAY,synthbook,synthetic,HOME@2026-01-20T18:00:00Z#synthetic|DRAW@2026-01-20T18:00:00Z#synthetic|AWAY@2026-01-20T18:00:00Z#synthetic,2026-01-20T18:00:00Z,150.0,308,4.08,0.24509804,0.233438,multiplicative,0.04994955,0.223151,0.223151,0.0,348,4.48127455,-0.010287,-0.089545,-0.089545,HOME:UNKNOWN(8470624@0.549)|AWAY:UNKNOWN(8470637@0.565),G:26d552dd634b787a,UNKNOWN,R:f6f34ead09663513,nhl-gs-0.1.0,nhl-feat-0.1.0,PR:22465be539be19fb,LC:67c7cb02a1bcdc94,"[""pull_trailing_by_1_seconds"", ""pull_trailing_by_2_seconds"", ""rate_4v4_mult"", ""rate_6v5_attack"", ""rate_empty_net"", ""rate_pp"", ""rate_sh"", ""score_effect_beta"", ""score_effect_beta_p3""]",bcb139690e46,DS:0bed14e213663aba,0.9457,BLOCKED,PASS,INELIGIBLE_DEV,"[""HARD_BLOCK:SIMULATED_CLOCK"", ""HARD_BLOCK:STALE_PRICE"", ""HARD_BLOCK:SYNTHETIC_SOURCE""]","[""HARD_BLOCK:SYNTHETIC_SOURCE"", ""HARD_BLOCK:SIMULATED_CLOCK"", ""HARD_BLOCK:STALE_PRICE""]",S:8e41744ff399e3c58192256e
P:a306722fe16afdbfac41,artifact-v2,2026-01-20T20:30:00Z,2026-01-20T20:30:00Z,2026-01-21T02:00:00Z,FORWARD,SYNTHETIC,DEV_SYNTHETIC,2025020704,REG_3WAY,REGULATION,AWAY,,,,2025020704:REG_3WAY:AWAY,2025020704:REG_3WAY,synthbook,synthetic,HOME@2026-01-20T18:00:00Z#synthetic|DRAW@2026-01-20T18:00:00Z#synthetic|AWAY@2026-01-20T18:00:00Z#synthetic,2026-01-20T18:00:00Z,150.0,179,2.79,0.35842294,0.341372,multiplicative,0.04994955,0.383308,0.383308,0.0,161,2.60886689,0.041937,0.06943,0.06943,HOME:UNKNOWN(8470624@0.549)|AWAY:UNKNOWN(8470637@0.565),G:26d552dd634b787a,UNKNOWN,R:f6f34ead09663513,nhl-gs-0.1.0,nhl-feat-0.1.0,PR:22465be539be19fb,LC:67c7cb02a1bcdc94,"[""pull_trailing_by_1_seconds"", ""pull_trailing_by_2_seconds"", ""rate_4v4_mult"", ""rate_6v5_attack"", ""rate_empty_net"", ""rate_pp"", ""rate_sh"", ""score_effect_beta"", ""score_effect_beta_p3""]",bcb139690e46,DS:0bed14e213663aba,0.9457,BLOCKED,MODEL_PLUS,INELIGIBLE_DEV,"[""HARD_BLOCK:SIMULATED_CLOCK"", ""HARD_BLOCK:STALE_PRICE"", ""HARD_BLOCK:SYNTHETIC_SOURCE""]","[""HARD_BLOCK:SYNTHETIC_SOURCE"", ""HARD_BLOCK:SIMULATED_CLOCK"", ""HARD_BLOCK:STALE_PRICE""]",S:c7f4ee734263e759c5c2234e
P:607fadf65104bb48da64,artifact-v2,2026-01-20T20:30:00Z,2026-01-20T20:30:00Z,2026-01-21T02:00:00Z,FORWARD,SYNTHETIC,DEV_SYNTHETIC,2025020704,TEAM_TOTAL,FULL_GAME,OVER,2.5,SJS,,2025020704:TEAM_TOTAL:SJS:OVER:+2.5,2025020704:TEAM_TOTAL:SJS:+2.5,synthbook,synthetic,OVER@2026-01-20T18:00:00Z#synthetic|UNDER@2026-01-20T18:00:00Z#synthetic,2026-01-20T18:00:00Z,150.0,-183,1.54644809,0.64664311,0.618768,multiplicative,0.04504948,0.616142,0.616142,0.0,-161,1.62300272,-0.002626,-0.047169,-0.047169,HOME:UNKNOWN(8470624@0.549)|AWAY:UNKNOWN(8470637@0.565),G:26d552dd634b787a,UNKNOWN,R:f6f34ead09663513,nhl-gs-0.1.0,nhl-feat-0.1.0,PR:22465be539be19fb,LC:67c7cb02a1bcdc94,"[""pull_trailing_by_1_seconds"", ""pull_trailing_by_2_seconds"", ""rate_4v4_mult"", ""rate_6v5_attack"", ""rate_empty_net"", ""rate_pp"", ""rate_sh"", ""score_effect_beta"", ""score_effect_beta_p3""]",bcb139690e46,DS:0bed14e213663aba,0.9457,BLOCKED,PASS,INELIGIBLE_DEV,"[""HARD_BLOCK:SIMULATED_CLOCK"", ""HARD_BLOCK:STALE_PRICE"", ""HARD_BLOCK:SYNTHETIC_SOURCE""]","[""HARD_BLOCK:SYNTHETIC_SOURCE"", ""HARD_BLOCK:SIMULATED_CLOCK"", ""HARD_BLOCK:STALE_PRICE""]",S:ae118003cd188fbe0649ef85
P:58616ea3c8331a12d4d8,artifact-v2,2026-01-20T20:30:00Z,2026-01-20T20:30:00Z,2026-01-21T02:00:00Z,FORWARD,SYNTHETIC,DEV_SYNTHETIC,2025020704,TEAM_TOTAL,FULL_GAME,UNDER,2.5,SJS,,2025020704:TEAM_TOTAL:SJS:UNDER:+2.5,2025020704:TEAM_TOTAL:SJS:+2.5,synthbook,synthetic,OVER@2026-01-20T18:00:00Z#synthetic|UNDER@2026-01-20T18:00:00Z#synthetic,2026-01-20T18:00:00Z,150.0,151,2.51,0.39840637,0.381232,multiplicative,0.04504948,0.383858,0.383858,0.0,161,2.60512942,0.002626,-0.036516,-0.036516,HOME:UNKNOWN(8470624@0.549)|AWAY:UNKNOWN(8470637@0.565),G:26d552dd634b787a,UNKNOWN,R:f6f34ead09663513,nhl-gs-0.1.0,nhl-feat-0.1.0,PR:22465be539be19fb,LC:67c7cb02a1bcdc94,"[""pull_trailing_by_1_seconds"", ""pull_trailing_by_2_seconds"", ""rate_4v4_mult"", ""rate_6v5_attack"", ""rate_empty_net"", ""rate_pp"", ""rate_sh"", ""score_effect_beta"", ""score_effect_beta_p3""]",bcb139690e46,DS:0bed14e213663aba,0.9457,BLOCKED,PASS,INELIGIBLE_DEV,"[""HARD_BLOCK:SIMULATED_CLOCK"", ""HARD_BLOCK:STALE_PRICE"", ""HARD_BLOCK:SYNTHETIC_SOURCE""]","[""HARD_BLOCK:SYNTHETIC_SOURCE"", ""HARD_BLOCK:SIMULATED_CLOCK"", ""HARD_BLOCK:STALE_PRICE""]",S:34b4e81945fa8f0c8a6a150d
P:79cba72d0ca35c654145,artifact-v2,2026-01-20T20:30:00Z,2026-01-20T20:30:00Z,2026-01-21T02:00:00Z,FORWARD,SYNTHETIC,DEV_SYNTHETIC,2025020704,TEAM_TOTAL,FULL_GAME,OVER,2.5,WPG,,2025020704:TEAM_TOTAL:WPG:OVER:+2.5,2025020704:TEAM_TOTAL:WPG:+2.5,synthbook,synthetic,OVER@2026-01-20T18:00:00Z#synthetic|UNDER@2026-01-20T18:00:00Z#synthetic,2026-01-20T18:00:00Z,150.0,-205,1.48780488,0.67213115,0.643024,multiplicative,0.04526548,0.616155,0.616155,0.0,-161,1.62296764,-0.026869,-0.083281,-0.083281,HOME:UNKNOWN(8470624@0.549)|AWAY:UNKNOWN(8470637@0.565),G:26d552dd634b787a,UNKNOWN,R:f6f34ead09663513,nhl-gs-0.1.0,nhl-feat-0.1.0,PR:22465be539be19fb,LC:67c7cb02a1bcdc94,"[""pull_trailing_by_1_seconds"", ""pull_trailing_by_2_seconds"", ""rate_4v4_mult"", ""rate_6v5_attack"", ""rate_empty_net"", ""rate_pp"", ""rate_sh"", ""score_effect_beta"", ""score_effect_beta_p3""]",bcb139690e46,DS:0bed14e213663aba,0.9457,BLOCKED,PASS,INELIGIBLE_DEV,"[""HARD_BLOCK:SIMULATED_CLOCK"", ""HARD_BLOCK:STALE_PRICE"", ""HARD_BLOCK:SYNTHETIC_SOURCE""]","[""HARD_BLOCK:SYNTHETIC_SOURCE"", ""HARD_BLOCK:SIMULATED_CLOCK"", ""HARD_BLOCK:STALE_PRICE""]",S:6950cfc6fe2f606dddb6d569
P:2542d2fc96d1d2b77273,artifact-v2,2026-01-20T20:30:00Z,2026-01-20T20:30:00Z,2026-01-21T02:00:00Z,FORWARD,SYNTHETIC,DEV_SYNTHETIC,2025020704,TEAM_TOTAL,FULL_GAME,UNDER,2.5,WPG,,2025020704:TEAM_TOTAL:WPG:UNDER:+2.5,2025020704:TEAM_TOTAL:WPG:+2.5,synthbook,synthetic,OVER@2026-01-20T18:00:00Z#synthetic|UNDER@2026-01-20T18:00:00Z#synthetic,2026-01-20T18:00:00Z,150.0,168,2.68,0.37313433,0.356976,multiplicative,0.04526548,0.383845,0.383845,0.0,161,2.60521981,0.026869,0.028704,0.028704,HOME:UNKNOWN(8470624@0.549)|AWAY:UNKNOWN(8470637@0.565),G:26d552dd634b787a,UNKNOWN,R:f6f34ead09663513,nhl-gs-0.1.0,nhl-feat-0.1.0,PR:22465be539be19fb,LC:67c7cb02a1bcdc94,"[""pull_trailing_by_1_seconds"", ""pull_trailing_by_2_seconds"", ""rate_4v4_mult"", ""rate_6v5_attack"", ""rate_empty_net"", ""rate_pp"", ""rate_sh"", ""score_effect_beta"", ""score_effect_beta_p3""]",bcb139690e46,DS:0bed14e213663aba,0.9457,BLOCKED,PASS,INELIGIBLE_DEV,"[""HARD_BLOCK:SIMULATED_CLOCK"", ""HARD_BLOCK:STALE_PRICE"", ""HARD_BLOCK:SYNTHETIC_SOURCE""]","[""HARD_BLOCK:SYNTHETIC_SOURCE"", ""HARD_BLOCK:SIMULATED_CLOCK"", ""HARD_BLOCK:STALE_PRICE""]",S:3cfe1505c91433c2d19cbb0a
P:0c408f9d59c56e0f0ead,artifact-v2,2026-01-20T20:30:00Z,2026-01-20T20:30:00Z,2026-01-21T02:00:00Z,FORWARD,SYNTHETIC,DEV_SYNTHETIC,2025020704,TOTAL,FULL_GAME,OVER,6.5,,,2025020704:TOTAL:OVER:+6.5,2025020704:TOTAL:+6.5,synthbook,synthetic,OVER@2026-01-20T18:00:00Z#synthetic|UNDER@2026-01-20T18:00:00Z#synthetic,2026-01-20T18:00:00Z,150.0,139,2.39,0.41841004,0.400287,multiplicative,0.04527571,0.447093,0.447093,0.0,124,2.23667202,0.046806,0.068552,0.068552,HOME:UNKNOWN(8470624@0.549)|AWAY:UNKNOWN(8470637@0.565),G:26d552dd634b787a,UNKNOWN,R:f6f34ead09663513,nhl-gs-0.1.0,nhl-feat-0.1.0,PR:22465be539be19fb,LC:67c7cb02a1bcdc94,"[""pull_trailing_by_1_seconds"", ""pull_trailing_by_2_seconds"", ""rate_4v4_mult"", ""rate_6v5_attack"", ""rate_empty_net"", ""rate_pp"", ""rate_sh"", ""score_effect_beta"", ""score_effect_beta_p3""]",bcb139690e46,DS:0bed14e213663aba,0.9457,BLOCKED,MODEL_PLUS,INELIGIBLE_DEV,"[""HARD_BLOCK:SIMULATED_CLOCK"", ""HARD_BLOCK:STALE_PRICE"", ""HARD_BLOCK:SYNTHETIC_SOURCE""]","[""HARD_BLOCK:SYNTHETIC_SOURCE"", ""HARD_BLOCK:SIMULATED_CLOCK"", ""HARD_BLOCK:STALE_PRICE""]",S:b25a960e1bbc918461648f11
P:769a53b1dcab93392e30,artifact-v2,2026-01-20T20:30:00Z,2026-01-20T20:30:00Z,2026-01-21T02:00:00Z,FORWARD,SYNTHETIC,DEV_SYNTHETIC,2025020704,TOTAL,FULL_GAME,UNDER,6.5,,,2025020704:TOTAL:UNDER:+6.5,2025020704:TOTAL:+6.5,synthbook,synthetic,OVER@2026-01-20T18:00:00Z#synthetic|UNDER@2026-01-20T18:00:00Z#synthetic,2026-01-20T18:00:00Z,150.0,-168,1.5952381,0.62686567,0.599713,multiplicative,0.04527571,0.552907,0.552907,0.0,-124,1.80862184,-0.046806,-0.117981,-0.117981,HOME:UNKNOWN(8470624@0.549)|AWAY:UNKNOWN(8470637@0.565),G:26d552dd634b787a,UNKNOWN,R:f6f34ead09663513,nhl-gs-0.1.0,nhl-feat-0.1.0,PR:22465be539be19fb,LC:67c7cb02a1bcdc94,"[""pull_trailing_by_1_seconds"", ""pull_trailing_by_2_seconds"", ""rate_4v4_mult"", ""rate_6v5_attack"", ""rate_empty_net"", ""rate_pp"", ""rate_sh"", ""score_effect_beta"", ""score_effect_beta_p3""]",bcb139690e46,DS:0bed14e213663aba,0.9457,BLOCKED,PASS,INELIGIBLE_DEV,"[""HARD_BLOCK:SIMULATED_CLOCK"", ""HARD_BLOCK:STALE_PRICE"", ""HARD_BLOCK:SYNTHETIC_SOURCE""]","[""HARD_BLOCK:SYNTHETIC_SOURCE"", ""HARD_BLOCK:SIMULATED_CLOCK"", ""HARD_BLOCK:STALE_PRICE""]",S:6f1706e4c78bac74cc0a9380
P:7ec95d8a4c67eea3107d,artifact-v2,2026-01-20T20:30:00Z,2026-01-20T20:30:00Z,2026-01-20T23:00:00Z,FORWARD,SYNTHETIC,DEV_SYNTHETIC,2025020705,ML,FULL_GAME,HOME,,,,2025020705:ML:HOME,2025020705:ML,synthbook,synthetic,HOME@2026-01-20T15:00:00Z#synthetic|AWAY@2026-01-20T15:00:00Z#synthetic,2026-01-20T15:00:00Z,330.0,106,2.06,0.48543689,0.463716,multiplicative,0.0468404,0.516251,0.516251,0.0,-107,1.93704346,0.052534,0.063476,0.063476,HOME:UNKNOWN(8470610@0.717)|AWAY:UNKNOWN(8470582@0.861),G:c33dbea5e0781806,UNKNOWN,R:5ed08c0c3522d82f,nhl-gs-0.1.0,nhl-feat-0.1.0,PR:22465be539be19fb,LC:67c7cb02a1bcdc94,"[""pull_trailing_by_1_seconds"", ""pull_trailing_by_2_seconds"", ""rate_4v4_mult"", ""rate_6v5_attack"", ""rate_empty_net"", ""rate_pp"", ""rate_sh"", ""score_effect_beta"", ""score_effect_beta_p3""]",bcb139690e46,DS:0bed14e213663aba,0.9457,BLOCKED,MODEL_PLUS,INELIGIBLE_DEV,"[""HARD_BLOCK:SIMULATED_CLOCK"", ""HARD_BLOCK:STALE_PRICE"", ""HARD_BLOCK:SYNTHETIC_SOURCE""]","[""HARD_BLOCK:SYNTHETIC_SOURCE"", ""HARD_BLOCK:SIMULATED_CLOCK"", ""HARD_BLOCK:STALE_PRICE""]",S:d03f87b422af911aa67aeed0
P:b26b4c793a3e9fcdbfa4,artifact-v2,2026-01-20T20:30:00Z,2026-01-20T20:30:00Z,2026-01-20T23:00:00Z,FORWARD,SYNTHETIC,DEV_SYNTHETIC,2025020705,ML,FULL_GAME,AWAY,,,,2025020705:ML:AWAY,2025020705:ML,synthbook,synthetic,HOME@2026-01-20T15:00:00Z#synthetic|AWAY@2026-01-20T15:00:00Z#synthetic,2026-01-20T15:00:00Z,330.0,-128,1.78125,0.56140351,0.536284,multiplicative,0.0468404,0.483749,0.483749,0.0,107,2.06718636,-0.052534,-0.138322,-0.138322,HOME:UNKNOWN(8470610@0.717)|AWAY:UNKNOWN(8470582@0.861),G:c33dbea5e0781806,UNKNOWN,R:5ed08c0c3522d82f,nhl-gs-0.1.0,nhl-feat-0.1.0,PR:22465be539be19fb,LC:67c7cb02a1bcdc94,"[""pull_trailing_by_1_seconds"", ""pull_trailing_by_2_seconds"", ""rate_4v4_mult"", ""rate_6v5_attack"", ""rate_empty_net"", ""rate_pp"", ""rate_sh"", ""score_effect_beta"", ""score_effect_beta_p3""]",bcb139690e46,DS:0bed14e213663aba,0.9457,BLOCKED,PASS,INELIGIBLE_DEV,"[""HARD_BLOCK:SIMULATED_CLOCK"", ""HARD_BLOCK:STALE_PRICE"", ""HARD_BLOCK:SYNTHETIC_SOURCE""]","[""HARD_BLOCK:SYNTHETIC_SOURCE"", ""HARD_BLOCK:SIMULATED_CLOCK"", ""HARD_BLOCK:STALE_PRICE""]",S:ccc2cce78c8096abd43148ad
P:c6b63ee9b8dd0afe9406,artifact-v2,2026-01-20T20:30:00Z,2026-01-20T20:30:00Z,2026-01-20T23:00:00Z,FORWARD,SYNTHETIC,DEV_SYNTHETIC,2025020705,PUCK_LINE,FULL_GAME,HOME,1.5,,,2025020705:PUCK_LINE:HOME:+1.5,2025020705:PUCK_LINE:+1.5,synthbook,synthetic,HOME@2026-01-20T15:00:00Z#synthetic|AWAY@2026-01-20T15:00:00Z#synthetic,2026-01-20T15:00:00Z,330.0,-354,1.28248588,0.77973568,0.746167,multiplicative,0.04498767,0.736261,0.736261,0.0,-279,1.3582145,-0.009907,-0.055756,-0.055756,HOME:UNKNOWN(8470610@0.717)|AWAY:UNKNOWN(8470582@0.861),G:c33dbea5e0781806,UNKNOWN,R:5ed08c0c3522d82f,nhl-gs-0.1.0,nhl-feat-0.1.0,PR:22465be539be19fb,LC:67c7cb02a1bcdc94,"[""pull_trailing_by_1_seconds"", ""pull_trailing_by_2_seconds"", ""rate_4v4_mult"", ""rate_6v5_attack"", ""rate_empty_net"", ""rate_pp"", ""rate_sh"", ""score_effect_beta"", ""score_effect_beta_p3""]",bcb139690e46,DS:0bed14e213663aba,0.9457,BLOCKED,PASS,INELIGIBLE_DEV,"[""HARD_BLOCK:SIMULATED_CLOCK"", ""HARD_BLOCK:STALE_PRICE"", ""HARD_BLOCK:SYNTHETIC_SOURCE""]","[""HARD_BLOCK:SYNTHETIC_SOURCE"", ""HARD_BLOCK:SIMULATED_CLOCK"", ""HARD_BLOCK:STALE_PRICE""]",S:141db8da9c97fdd64fbfd684
P:b70d808dc2d3cdb74465,artifact-v2,2026-01-20T20:30:00Z,2026-01-20T20:30:00Z,2026-01-20T23:00:00Z,FORWARD,SYNTHETIC,DEV_SYNTHETIC,2025020705,PUCK_LINE,FULL_GAME,AWAY,-1.5,,,2025020705:PUCK_LINE:AWAY:-1.5,2025020705:PUCK_LINE:+1.5,synthbook,synthetic,HOME@2026-01-20T15:00:00Z#synthetic|AWAY@2026-01-20T15:00:00Z#synthetic,2026-01-20T15:00:00Z,330.0,277,3.77,0.26525199,0.253833,multiplicative,0.04498767,0.263739,0.263739,0.0,279,3.79162346,0.009907,-0.005703,-0.005703,HOME:UNKNOWN(8470610@0.717)|AWAY:UNKNOWN(8470582@0.861),G:c33dbea5e0781806,UNKNOWN,R:5ed08c0c3522d82f,nhl-gs-0.1.0,nhl-feat-0.1.0,PR:22465be539be19fb,LC:67c7cb02a1bcdc94,"[""pull_trailing_by_1_seconds"", ""pull_trailing_by_2_seconds"", ""rate_4v4_mult"", ""rate_6v5_attack"", ""rate_empty_net"", ""rate_pp"", ""rate_sh"", ""score_effect_beta"", ""score_effect_beta_p3""]",bcb139690e46,DS:0bed14e213663aba,0.9457,BLOCKED,PASS,INELIGIBLE_DEV,"[""HARD_BLOCK:SIMULATED_CLOCK"", ""HARD_BLOCK:STALE_PRICE"", ""HARD_BLOCK:SYNTHETIC_SOURCE""]","[""HARD_BLOCK:SYNTHETIC_SOURCE"", ""HARD_BLOCK:SIMULATED_CLOCK"", ""HARD_BLOCK:STALE_PRICE""]",S:2341b3d00df7cbf660a94a5d
P:34b2f1bcb55435ee1cd7,artifact-v2,2026-01-20T20:30:00Z,2026-01-20T20:30:00Z,2026-01-20T23:00:00Z,FORWARD,SYNTHETIC,DEV_SYNTHETIC,2025020705,REG_3WAY,REGULATION,HOME,,,,2025020705:REG_3WAY:HOME,2025020705:REG_3WAY,synthbook,synthetic,HOME@2026-01-20T15:00:00Z#synthetic|DRAW@2026-01-20T15:00:00Z#synthetic|AWAY@2026-01-20T15:00:00Z#synthetic,2026-01-20T15:00:00Z,330.0,143,2.43,0.41152263,0.391671,multiplicative,0.05068323,0.399403,0.399403,0.0,150,2.50373454,0.007732,-0.02945,-0.02945,HOME:UNKNOWN(8470610@0.717)|AWAY:UNKNOWN(8470582@0.861),G:c33dbea5e0781806,UNKNOWN,R:5ed08c0c3522d82f,nhl-gs-0.1.0,nhl-feat-0.1.0,PR:22465be539be19fb,LC:67c7cb02a1bcdc94,"[""pull_trailing_by_1_seconds"", ""pull_trailing_by_2_seconds"", ""rate_4v4_mult"", ""rate_6v5_attack"", ""rate_empty_net"", ""rate_pp"", ""rate_sh"", ""score_effect_beta"", ""score_effect_beta_p3""]",bcb139690e46,DS:0bed14e213663aba,0.9457,BLOCKED,PASS,INELIGIBLE_DEV,"[""HARD_BLOCK:SIMULATED_CLOCK"", ""HARD_BLOCK:STALE_PRICE"", ""HARD_BLOCK:SYNTHETIC_SOURCE""]","[""HARD_BLOCK:SYNTHETIC_SOURCE"", ""HARD_BLOCK:SIMULATED_CLOCK"", ""HARD_BLOCK:STALE_PRICE""]",S:52e460cfac9f37ca354a6188
P:91698b54c564813e695b,artifact-v2,2026-01-20T20:30:00Z,2026-01-20T20:30:00Z,2026-01-20T23:00:00Z,FORWARD,SYNTHETIC,DEV_SYNTHETIC,2025020705,REG_3WAY,REGULATION,DRAW,,,,2025020705:REG_3WAY:DRAW,2025020705:REG_3WAY,synthbook,synthetic,HOME@2026-01-20T15:00:00Z#synthetic|DRAW@2026-01-20T15:00:00Z#synthetic|AWAY@2026-01-20T15:00:00Z#synthetic,2026-01-20T15:00:00Z,330.0,353,4.53,0.22075055,0.210102,multiplicative,0.05068323,0.218884,0.218884,0.0,357,4.56863676,0.008782,-0.008457,-0.008457,HOME:UNKNOWN(8470610@0.717)|AWAY:UNKNOWN(8470582@0.861),G:c33dbea5e0781806,UNKNOWN,R:5ed08c0c3522d82f,nhl-gs-0.1.0,nhl-feat-0.1.0,PR:22465be539be19fb,LC:67c7cb02a1bcdc94,"[""pull_trailing_by_1_seconds"", ""pull_trailing_by_2_seconds"", ""rate_4v4_mult"", ""rate_6v5_attack"", ""rate_empty_net"", ""rate_pp"", ""rate_sh"", ""score_effect_beta"", ""score_effect_beta_p3""]",bcb139690e46,DS:0bed14e213663aba,0.9457,BLOCKED,PASS,INELIGIBLE_DEV,"[""HARD_BLOCK:SIMULATED_CLOCK"", ""HARD_BLOCK:STALE_PRICE"", ""HARD_BLOCK:SYNTHETIC_SOURCE""]","[""HARD_BLOCK:SYNTHETIC_SOURCE"", ""HARD_BLOCK:SIMULATED_CLOCK"", ""HARD_BLOCK:STALE_PRICE""]",S:8cf1f2bf07e6a44e791d206a
P:0fa88b0e6324429bc4ff,artifact-v2,2026-01-20T20:30:00Z,2026-01-20T20:30:00Z,2026-01-20T23:00:00Z,FORWARD,SYNTHETIC,DEV_SYNTHETIC,2025020705,REG_3WAY,REGULATION,AWAY,,,,2025020705:REG_3WAY:AWAY,2025020705:REG_3WAY,synthbook,synthetic,HOME@2026-01-20T15:00:00Z#synthetic|DRAW@2026-01-20T15:00:00Z#synthetic|AWAY@2026-01-20T15:00:00Z#synthetic,2026-01-20T15:00:00Z,330.0,139,2.39,0.41841004,0.398227,multiplicative,0.05068323,0.381713,0.381713,0.0,162,2.61976957,-0.016514,-0.087706,-0.087706,HOME:UNKNOWN(8470610@0.717)|AWAY:UNKNOWN(8470582@0.861),G:c33dbea5e0781806,UNKNOWN,R:5ed08c0c3522d82f,nhl-gs-0.1.0,nhl-feat-0.1.0,PR:22465be539be19fb,LC:67c7cb02a1bcdc94,"[""pull_trailing_by_1_seconds"", ""pull_trailing_by_2_seconds"", ""rate_4v4_mult"", ""rate_6v5_attack"", ""rate_empty_net"", ""rate_pp"", ""rate_sh"", ""score_effect_beta"", ""score_effect_beta_p3""]",bcb139690e46,DS:0bed14e213663aba,0.9457,BLOCKED,PASS,INELIGIBLE_DEV,"[""HARD_BLOCK:SIMULATED_CLOCK"", ""HARD_BLOCK:STALE_PRICE"", ""HARD_BLOCK:SYNTHETIC_SOURCE""]","[""HARD_BLOCK:SYNTHETIC_SOURCE"", ""HARD_BLOCK:SIMULATED_CLOCK"", ""HARD_BLOCK:STALE_PRICE""]",S:da3bc2294f917666235f1a0b
P:3d6e197ff9c1a12ad5ca,artifact-v2,2026-01-20T20:30:00Z,2026-01-20T20:30:00Z,2026-01-20T23:00:00Z,FORWARD,SYNTHETIC,DEV_SYNTHETIC,2025020705,TEAM_TOTAL,FULL_GAME,OVER,2.5,BUF,,2025020705:TEAM_TOTAL:BUF:OVER:+2.5,2025020705:TEAM_TOTAL:BUF:+2.5,synthbook,synthetic,OVER@2026-01-20T15:00:00Z#synthetic|UNDER@2026-01-20T15:00:00Z#synthetic,2026-01-20T15:00:00Z,330.0,-150,1.66666667,0.6,0.573379,multiplicative,0.04642857,0.587364,0.587364,0.0,-142,1.7025226,0.013985,-0.02106,-0.02106,HOME:UNKNOWN(8470610@0.717)|AWAY:UNKNOWN(8470582@0.861),G:c33dbea5e0781806,UNKNOWN,R:5ed08c0c3522d82f,nhl-gs-0.1.0,nhl-feat-0.1.0,PR:22465be539be19fb,LC:67c7cb02a1bcdc94,"[""pull_trailing_by_1_seconds"", ""pull_trailing_by_2_seconds"", ""rate_4v4_mult"", ""rate_6v5_attack"", ""rate_empty_net"", ""rate_pp"", ""rate_sh"", ""score_effect_beta"", ""score_effect_beta_p3""]",bcb139690e46,DS:0bed14e213663aba,0.9457,BLOCKED,PASS,INELIGIBLE_DEV,"[""HARD_BLOCK:SIMULATED_CLOCK"", ""HARD_BLOCK:STALE_PRICE"", ""HARD_BLOCK:SYNTHETIC_SOURCE""]","[""HARD_BLOCK:SYNTHETIC_SOURCE"", ""HARD_BLOCK:SIMULATED_CLOCK"", ""HARD_BLOCK:STALE_PRICE""]",S:580183ec4d84fc1a3a7503f5
P:a6140efce6e5d70ee0b4,artifact-v2,2026-01-20T20:30:00Z,2026-01-20T20:30:00Z,2026-01-20T23:00:00Z,FORWARD,SYNTHETIC,DEV_SYNTHETIC,2025020705,TEAM_TOTAL,FULL_GAME,UNDER,2.5,BUF,,2025020705:TEAM_TOTAL:BUF:UNDER:+2.5,2025020705:TEAM_TOTAL:BUF:+2.5,synthbook,synthetic,OVER@2026-01-20T15:00:00Z#synthetic|UNDER@2026-01-20T15:00:00Z#synthetic,2026-01-20T15:00:00Z,330.0,124,2.24,0.44642857,0.426621,multiplicative,0.04642857,0.412636,0.412636,0.0,142,2.42344176,-0.013985,-0.075695,-0.075695,HOME:UNKNOWN(8470610@0.717)|AWAY:UNKNOWN(8470582@0.861),G:c33dbea5e0781806,UNKNOWN,R:5ed08c0c3522d82f,nhl-gs-0.1.0,nhl-feat-0.1.0,PR:22465be539be19fb,LC:67c7cb02a1bcdc94,"[""pull_trailing_by_1_seconds"", ""pull_trailing_by_2_seconds"", ""rate_4v4_mult"", ""rate_6v5_attack"", ""rate_empty_net"", ""rate_pp"", ""rate_sh"", ""score_effect_beta"", ""score_effect_beta_p3""]",bcb139690e46,DS:0bed14e213663aba,0.9457,BLOCKED,PASS,INELIGIBLE_DEV,"[""HARD_BLOCK:SIMULATED_CLOCK"", ""HARD_BLOCK:STALE_PRICE"", ""HARD_BLOCK:SYNTHETIC_SOURCE""]","[""HARD_BLOCK:SYNTHETIC_SOURCE"", ""HARD_BLOCK:SIMULATED_CLOCK"", ""HARD_BLOCK:STALE_PRICE""]",S:7bc1e519f35fbafb44eea863
P:8608eb260876e906ba56,artifact-v2,2026-01-20T20:30:00Z,2026-01-20T20:30:00Z,2026-01-20T23:00:00Z,FORWARD,SYNTHETIC,DEV_SYNTHETIC,2025020705,TEAM_TOTAL,FULL_GAME,OVER,2.5,NSH,,2025020705:TEAM_TOTAL:NSH:OVER:+2.5,2025020705:TEAM_TOTAL:NSH:+2.5,synthbook,synthetic,OVER@2026-01-20T15:00:00Z#synthetic|UNDER@2026-01-20T15:00:00Z#synthetic,2026-01-20T15:00:00Z,330.0,-157,1.63694268,0.61089494,0.58421,multiplicative,0.04567755,0.612527,0.612527,0.0,-158,1.63258175,0.028317,0.002671,0.002671,HOME:UNKNOWN(8470610@0.717)|AWAY:UNKNOWN(8470582@0.861),G:c33dbea5e0781806,UNKNOWN,R:5ed08c0c3522d82f,nhl-gs-0.1.0,nhl-feat-0.1.0,PR:22465be539be19fb,LC:67c7cb02a1bcdc94,"[""pull_trailing_by_1_seconds"", ""pull_trailing_by_2_seconds"", ""rate_4v4_mult"", ""rate_6v5_attack"", ""rate_empty_net"", ""rate_pp"", ""rate_sh"", ""score_effect_beta"", ""score_effect_beta_p3""]",bcb139690e46,DS:0bed14e213663aba,0.9457,BLOCKED,PASS,INELIGIBLE_DEV,"[""HARD_BLOCK:SIMULATED_CLOCK"", ""HARD_BLOCK:STALE_PRICE"", ""HARD_BLOCK:SYNTHETIC_SOURCE""]","[""HARD_BLOCK:SYNTHETIC_SOURCE"", ""HARD_BLOCK:SIMULATED_CLOCK"", ""HARD_BLOCK:STALE_PRICE""]",S:779f9bcb922e06ee087a3ae4
P:47e704d0edd2ca9fb9d6,artifact-v2,2026-01-20T20:30:00Z,2026-01-20T20:30:00Z,2026-01-20T23:00:00Z,FORWARD,SYNTHETIC,DEV_SYNTHETIC,2025020705,TEAM_TOTAL,FULL_GAME,UNDER,2.5,NSH,,2025020705:TEAM_TOTAL:NSH:UNDER:+2.5,2025020705:TEAM_TOTAL:NSH:+2.5,synthbook,synthetic,OVER@2026-01-20T15:00:00Z#synthetic|UNDER@2026-01-20T15:00:00Z#synthetic,2026-01-20T15:00:00Z,330.0,130,2.3,0.43478261,0.41579,multiplicative,0.04567755,0.387473,0.387473,0.0,158,2.58082334,-0.028317,-0.108812,-0.108812,HOME:UNKNOWN(8470610@0.717)|AWAY:UNKNOWN(8470582@0.861),G:c33dbea5e0781806,UNKNOWN,R:5ed08c0c3522d82f,nhl-gs-0.1.0,nhl-feat-0.1.0,PR:22465be539be19fb,LC:67c7cb02a1bcdc94,"[""pull_trailing_by_1_seconds"", ""pull_trailing_by_2_seconds"", ""rate_4v4_mult"", ""rate_6v5_attack"", ""rate_empty_net"", ""rate_pp"", ""rate_sh"", ""score_effect_beta"", ""score_effect_beta_p3""]",bcb139690e46,DS:0bed14e213663aba,0.9457,BLOCKED,PASS,INELIGIBLE_DEV,"[""HARD_BLOCK:SIMULATED_CLOCK"", ""HARD_BLOCK:STALE_PRICE"", ""HARD_BLOCK:SYNTHETIC_SOURCE""]","[""HARD_BLOCK:SYNTHETIC_SOURCE"", ""HARD_BLOCK:SIMULATED_CLOCK"", ""HARD_BLOCK:STALE_PRICE""]",S:0cfd280017fb61ea7e811d65
P:8ad7ad1f672e5cf1339c,artifact-v2,2026-01-20T20:30:00Z,2026-01-20T20:30:00Z,2026-01-20T23:00:00Z,FORWARD,SYNTHETIC,DEV_SYNTHETIC,2025020705,TOTAL,FULL_GAME,OVER,6.5,,,2025020705:TOTAL:OVER:+6.5,2025020705:TOTAL:+6.5,synthbook,synthetic,OVER@2026-01-20T15:00:00Z#synthetic|UNDER@2026-01-20T15:00:00Z#synthetic,2026-01-20T15:00:00Z,330.0,119,2.19,0.456621,0.436917,multiplicative,0.04509837,0.436037,0.436037,0.0,129,2.29338342,-0.00088,-0.045079,-0.045079,HOME:UNKNOWN(8470610@0.717)|AWAY:UNKNOWN(8470582@0.861),G:c33dbea5e0781806,UNKNOWN,R:5ed08c0c3522d82f,nhl-gs-0.1.0,nhl-feat-0.1.0,PR:22465be539be19fb,LC:67c7cb02a1bcdc94,"[""pull_trailing_by_1_seconds"", ""pull_trailing_by_2_seconds"", ""rate_4v4_mult"", ""rate_6v5_attack"", ""rate_empty_net"", ""rate_pp"", ""rate_sh"", ""score_effect_beta"", ""score_effect_beta_p3""]",bcb139690e46,DS:0bed14e213663aba,0.9457,BLOCKED,PASS,INELIGIBLE_DEV,"[""HARD_BLOCK:SIMULATED_CLOCK"", ""HARD_BLOCK:STALE_PRICE"", ""HARD_BLOCK:SYNTHETIC_SOURCE""]","[""HARD_BLOCK:SYNTHETIC_SOURCE"", ""HARD_BLOCK:SIMULATED_CLOCK"", ""HARD_BLOCK:STALE_PRICE""]",S:2dc43646aeea0b35b0a8ea11
P:7be9acdf95a97b8faa01,artifact-v2,2026-01-20T20:30:00Z,2026-01-20T20:30:00Z,2026-01-20T23:00:00Z,FORWARD,SYNTHETIC,DEV_SYNTHETIC,2025020705,TOTAL,FULL_GAME,UNDER,6.5,,,2025020705:TOTAL:UNDER:+6.5,2025020705:TOTAL:+6.5,synthbook,synthetic,OVER@2026-01-20T15:00:00Z#synthetic|UNDER@2026-01-20T15:00:00Z#synthetic,2026-01-20T15:00:00Z,330.0,-143,1.6993007,0.58847737,0.563083,multiplicative,0.04509837,0.563963,0.563963,0.0,-129,1.77316593,0.00088,-0.041657,-0.041657,HOME:UNKNOWN(8470610@0.717)|AWAY:UNKNOWN(8470582@0.861),G:c33dbea5e0781806,UNKNOWN,R:5ed08c0c3522d82f,nhl-gs-0.1.0,nhl-feat-0.1.0,PR:22465be539be19fb,LC:67c7cb02a1bcdc94,"[""pull_trailing_by_1_seconds"", ""pull_trailing_by_2_seconds"", ""rate_4v4_mult"", ""rate_6v5_attack"", ""rate_empty_net"", ""rate_pp"", ""rate_sh"", ""score_effect_beta"", ""score_effect_beta_p3""]",bcb139690e46,DS:0bed14e213663aba,0.9457,BLOCKED,PASS,INELIGIBLE_DEV,"[""HARD_BLOCK:SIMULATED_CLOCK"", ""HARD_BLOCK:STALE_PRICE"", ""HARD_BLOCK:SYNTHETIC_SOURCE""]","[""HARD_BLOCK:SYNTHETIC_SOURCE"", ""HARD_BLOCK:SIMULATED_CLOCK"", ""HARD_BLOCK:STALE_PRICE""]",S:5125872a91dced3a134e8fdc
P:8459fc2fce4acf7bd326,artifact-v2,2026-01-20T20:30:00Z,2026-01-20T20:30:00Z,2026-01-20T23:00:00Z,FORWARD,SYNTHETIC,DEV_SYNTHETIC,2025020706,ML,FULL_GAME,HOME,,,,2025020706:ML:HOME,2025020706:ML,synthbook,synthetic,HOME@2026-01-20T15:00:00Z#synthetic|AWAY@2026-01-20T15:00:00Z#synthetic,2026-01-20T15:00:00Z,330.0,100,2.0,0.5,0.478261,multiplicative,0.04545455,0.538924,0.538924,0.0,-117,1.85554841,0.060663,0.077848,0.077848,HOME:UNKNOWN(8470595@0.549)|AWAY:PROJECTED(8470639@0.880),G:fcdea9179505744f,UNKNOWN,R:5a6a727e3437a91e,nhl-gs-0.1.0,nhl-feat-0.1.0,PR:22465be539be19fb,LC:67c7cb02a1bcdc94,"[""pull_trailing_by_1_seconds"", ""pull_trailing_by_2_seconds"", ""rate_4v4_mult"", ""rate_6v5_attack"", ""rate_empty_net"", ""rate_pp"", ""rate_sh"", ""score_effect_beta"", ""score_effect_beta_p3""]",bcb139690e46,DS:0bed14e213663aba,0.9457,BLOCKED,MODEL_PLUS,INELIGIBLE_DEV,"[""HARD_BLOCK:SIMULATED_CLOCK"", ""HARD_BLOCK:STALE_PRICE"", ""HARD_BLOCK:SYNTHETIC_SOURCE""]","[""HARD_BLOCK:SYNTHETIC_SOURCE"", ""HARD_BLOCK:SIMULATED_CLOCK"", ""HARD_BLOCK:STALE_PRICE""]",S:23efcc9d87d4abcf755afe01
P:aedaad2ceddaa2f74481,artifact-v2,2026-01-20T20:30:00Z,2026-01-20T20:30:00Z,2026-01-20T23:00:00Z,FORWARD,SYNTHETIC,DEV_SYNTHETIC,2025020706,ML,FULL_GAME,AWAY,,,,2025020706:ML:AWAY,2025020706:ML,synthbook,synthetic,HOME@2026-01-20T15:00:00Z#synthetic|AWAY@2026-01-20T15:00:00Z#synthetic,2026-01-20T15:00:00Z,330.0,-120,1.83333333,0.54545455,0.521739,multiplicative,0.04545455,0.461076,0.461076,0.0,117,2.16884093,-0.060663,-0.154694,-0.154694,HOME:UNKNOWN(8470595@0.549)|AWAY:PROJECTED(8470639@0.880),G:fcdea9179505744f,UNKNOWN,R:5a6a727e3437a91e,nhl-gs-0.1.0,nhl-feat-0.1.0,PR:22465be539be19fb,LC:67c7cb02a1bcdc94,"[""pull_trailing_by_1_seconds"", ""pull_trailing_by_2_seconds"", ""rate_4v4_mult"", ""rate_6v5_attack"", ""rate_empty_net"", ""rate_pp"", ""rate_sh"", ""score_effect_beta"", ""score_effect_beta_p3""]",bcb139690e46,DS:0bed14e213663aba,0.9457,BLOCKED,PASS,INELIGIBLE_DEV,"[""HARD_BLOCK:SIMULATED_CLOCK"", ""HARD_BLOCK:STALE_PRICE"", ""HARD_BLOCK:SYNTHETIC_SOURCE""]","[""HARD_BLOCK:SYNTHETIC_SOURCE"", ""HARD_BLOCK:SIMULATED_CLOCK"", ""HARD_BLOCK:STALE_PRICE""]",S:6c91df84043f6c810f9e6940
P:0ac775dbb50b4fcceb20,artifact-v2,2026-01-20T20:30:00Z,2026-01-20T20:30:00Z,2026-01-20T23:00:00Z,FORWARD,SYNTHETIC,DEV_SYNTHETIC,2025020706,PUCK_LINE,FULL_GAME,HOME,-1.5,,,2025020706:PUCK_LINE:HOME:-1.5,2025020706:PUCK_LINE:-1.5,synthbook,synthetic,HOME@2026-01-20T15:00:00Z#synthetic|AWAY@2026-01-20T15:00:00Z#synthetic,2026-01-20T15:00:00Z,330.0,211,3.11,0.32154341,0.307609,multiplicative,0.04530031,0.29669,0.29669,0.0,237,3.37051927,-0.010918,-0.077294,-0.077294,HOME:UNKNOWN(8470595@0.549)|AWAY:PROJECTED(8470639@0.880),G:fcdea9179505744f,UNKNOWN,R:5a6a727e3437a91e,nhl-gs-0.1.0,nhl-feat-0.1.0,PR:22465be539be19fb,LC:67c7cb02a1bcdc94,"[""pull_trailing_by_1_seconds"", ""pull_trailing_by_2_seconds"", ""rate_4v4_mult"", ""rate_6v5_attack"", ""rate_empty_net"", ""rate_pp"", ""rate_sh"", ""score_effect_beta"", ""score_effect_beta_p3""]",bcb139690e46,DS:0bed14e213663aba,0.9457,BLOCKED,PASS,INELIGIBLE_DEV,"[""HARD_BLOCK:SIMULATED_CLOCK"", ""HARD_BLOCK:STALE_PRICE"", ""HARD_BLOCK:SYNTHETIC_SOURCE""]","[""HARD_BLOCK:SYNTHETIC_SOURCE"", ""HARD_BLOCK:SIMULATED_CLOCK"", ""HARD_BLOCK:STALE_PRICE""]",S:bd37d0c83d1b18d03eb94fe4
P:0fee43d5b51fd60ee2b7,artifact-v2,2026-01-20T20:30:00Z,2026-01-20T20:30:00Z,2026-01-20T23:00:00Z,FORWARD,SYNTHETIC,DEV_SYNTHETIC,2025020706,PUCK_LINE,FULL_GAME,AWAY,1.5,,,2025020706:PUCK_LINE:AWAY:+1.5,2025020706:PUCK_LINE:-1.5,synthbook,synthetic,HOME@2026-01-20T15:00:00Z#synthetic|AWAY@2026-01-20T15:00:00Z#synthetic,2026-01-20T15:00:00Z,330.0,-262,1.38167939,0.72375691,0.692391,multiplicative,0.04530031,0.70331,0.70331,0.0,-237,1.4218485,0.010918,-0.028251,-0.028251,HOME:UNKNOWN(8470595@0.549)|AWAY:PROJECTED(8470639@0.880),G:fcdea9179505744f,UNKNOWN,R:5a6a727e3437a91e,nhl-gs-0.1.0,nhl-feat-0.1.0,PR:22465be539be19fb,LC:67c7cb02a1bcdc94,"[""pull_trailing_by_1_seconds"", ""pull_trailing_by_2_seconds"", ""rate_4v4_mult"", ""rate_6v5_attack"", ""rate_empty_net"", ""rate_pp"", ""rate_sh"", ""score_effect_beta"", ""score_effect_beta_p3""]",bcb139690e46,DS:0bed14e213663aba,0.9457,BLOCKED,PASS,INELIGIBLE_DEV,"[""HARD_BLOCK:SIMULATED_CLOCK"", ""HARD_BLOCK:STALE_PRICE"", ""HARD_BLOCK:SYNTHETIC_SOURCE""]","[""HARD_BLOCK:SYNTHETIC_SOURCE"", ""HARD_BLOCK:SIMULATED_CLOCK"", ""HARD_BLOCK:STALE_PRICE""]",S:1647ac5a0c6bf6a753a9c4b8
P:8d3795ed85283bc81b8b,artifact-v2,2026-01-20T20:30:00Z,2026-01-20T20:30:00Z,2026-01-20T23:00:00Z,FORWARD,SYNTHETIC,DEV_SYNTHETIC,2025020706,REG_3WAY,REGULATION,HOME,,,,2025020706:REG_3WAY:HOME,2025020706:REG_3WAY,synthbook,synthetic,HOME@2026-01-20T15:00:00Z#synthetic|DRAW@2026-01-20T15:00:00Z#synthetic|AWAY@2026-01-20T15:00:00Z#synthetic,2026-01-20T15:00:00Z,330.0,126,2.26,0.44247788,0.42149,multiplicative,0.04979413,0.426349,0.426349,0.0,135,2.34549509,0.004859,-0.036451,-0.036451,HOME:UNKNOWN(8470595@0.549)|AWAY:PROJECTED(8470639@0.880),G:fcdea9179505744f,UNKNOWN,R:5a6a727e3437a91e,nhl-gs-0.1.0,nhl-feat-0.1.0,PR:22465be539be19fb,LC:67c7cb02a1bcdc94,"[""pull_trailing_by_1_seconds"", ""pull_trailing_by_2_seconds"", ""rate_4v4_mult"", ""rate_6v5_attack"", ""rate_empty_net"", ""rate_pp"", ""rate_sh"", ""score_effect_beta"", ""score_effect_beta_p3""]",bcb139690e46,DS:0bed14e213663aba,0.9457,BLOCKED,PASS,INELIGIBLE_DEV,"[""HARD_BLOCK:SIMULATED_CLOCK"", ""HARD_BLOCK:STALE_PRICE"", ""HARD_BLOCK:SYNTHETIC_SOURCE""]","[""HARD_BLOCK:SYNTHETIC_SOURCE"", ""HARD_BLOCK:SIMULATED_CLOCK"", ""HARD_BLOCK:STALE_PRICE""]",S:869c6173e60be9186e4ae273
P:434d2536ee6bd9fb42f9,artifact-v2,2026-01-20T20:30:00Z,2026-01-20T20:30:00Z,2026-01-20T23:00:00Z,FORWARD,SYNTHETIC,DEV_SYNTHETIC,2025020706,REG_3WAY,REGULATION,DRAW,,,,2025020706:REG_3WAY:DRAW,2025020706:REG_3WAY,synthbook,synthetic,HOME@2026-01-20T15:00:00Z#synthetic|DRAW@2026-01-20T15:00:00Z#synthetic|AWAY@2026-01-20T15:00:00Z#synthetic,2026-01-20T15:00:00Z,330.0,306,4.06,0.24630542,0.234623,multiplicative,0.04979413,0.223077,0.223077,0.0,348,4.48276147,-0.011546,-0.094308,-0.094308,HOME:UNKNOWN(8470595@0.549)|AWAY:PROJECTED(8470639@0.880),G:fcdea9179505744f,UNKNOWN,R:5a6a727e3437a91e,nhl-gs-0.1.0,nhl-feat-0.1.0,PR:22465be539be19fb,LC:67c7cb02a1bcdc94,"[""pull_trailing_by_1_seconds"", ""pull_trailing_by_2_seconds"", ""rate_4v4_mult"", ""rate_6v5_attack"", ""rate_empty_net"", ""rate_pp"", ""rate_sh"", ""score_effect_beta"", ""score_effect_beta_p3""]",bcb139690e46,DS:0bed14e213663aba,0.9457,BLOCKED,PASS,INELIGIBLE_DEV,"[""HARD_BLOCK:SIMULATED_CLOCK"", ""HARD_BLOCK:STALE_PRICE"", ""HARD_BLOCK:SYNTHETIC_SOURCE""]","[""HARD_BLOCK:SYNTHETIC_SOURCE"", ""HARD_BLOCK:SIMULATED_CLOCK"", ""HARD_BLOCK:STALE_PRICE""]",S:0953a32812a67dcc5901292d
P:57e5514d3f91b2768033,artifact-v2,2026-01-20T20:30:00Z,2026-01-20T20:30:00Z,2026-01-20T23:00:00Z,FORWARD,SYNTHETIC,DEV_SYNTHETIC,2025020706,REG_3WAY,REGULATION,AWAY,,,,2025020706:REG_3WAY:AWAY,2025020706:REG_3WAY,synthbook,synthetic,HOME@2026-01-20T15:00:00Z#synthetic|DRAW@2026-01-20T15:00:00Z#synthetic|AWAY@2026-01-20T15:00:00Z#synthetic,2026-01-20T15:00:00Z,330.0,177,2.77,0.36101083,0.343887,multiplicative,0.04979413,0.350574,0.350574,0.0,185,2.85246481,0.006687,-0.02891,-0.02891,HOME:UNKNOWN(8470595@0.549)|AWAY:PROJECTED(8470639@0.880),G:fcdea9179505744f,UNKNOWN,R:5a6a727e3437a91e,nhl-gs-0.1.0,nhl-feat-0.1.0,PR:22465be539be19fb,LC:67c7cb02a1bcdc94,"[""pull_trailing_by_1_seconds"", ""pull_trailing_by_2_seconds"", ""rate_4v4_mult"", ""rate_6v5_attack"", ""rate_empty_net"", ""rate_pp"", ""rate_sh"", ""score_effect_beta"", ""score_effect_beta_p3""]",bcb139690e46,DS:0bed14e213663aba,0.9457,BLOCKED,PASS,INELIGIBLE_DEV,"[""HARD_BLOCK:SIMULATED_CLOCK"", ""HARD_BLOCK:STALE_PRICE"", ""HARD_BLOCK:SYNTHETIC_SOURCE""]","[""HARD_BLOCK:SYNTHETIC_SOURCE"", ""HARD_BLOCK:SIMULATED_CLOCK"", ""HARD_BLOCK:STALE_PRICE""]",S:e026aa95997d112fcfcf20b0
P:bd8e85f451944c950c1a,artifact-v2,2026-01-20T20:30:00Z,2026-01-20T20:30:00Z,2026-01-20T23:00:00Z,FORWARD,SYNTHETIC,DEV_SYNTHETIC,2025020706,TEAM_TOTAL,FULL_GAME,OVER,2.5,DET,,2025020706:TEAM_TOTAL:DET:OVER:+2.5,2025020706:TEAM_TOTAL:DET:+2.5,synthbook,synthetic,OVER@2026-01-20T15:00:00Z#synthetic|UNDER@2026-01-20T15:00:00Z#synthetic,2026-01-20T15:00:00Z,330.0,-216,1.46296296,0.6835443,0.654388,multiplicative,0.04455513,0.651795,0.651795,0.0,-187,1.53422581,-0.002593,-0.046449,-0.046449,HOME:UNKNOWN(8470595@0.549)|AWAY:PROJECTED(8470639@0.880),G:fcdea9179505744f,UNKNOWN,R:5a6a727e3437a91e,nhl-gs-0.1.0,nhl-feat-0.1.0,PR:22465be539be19fb,LC:67c7cb02a1bcdc94,"[""pull_trailing_by_1_seconds"", ""pull_trailing_by_2_seconds"", ""rate_4v4_mult"", ""rate_6v5_attack"", ""rate_empty_net"", ""rate_pp"", ""rate_sh"", ""score_effect_beta"", ""score_effect_beta_p3""]",bcb139690e46,DS:0bed14e213663aba,0.9457,BLOCKED,PASS,INELIGIBLE_DEV,"[""HARD_BLOCK:SIMULATED_CLOCK"", ""HARD_BLOCK:STALE_PRICE"", ""HARD_BLOCK:SYNTHETIC_SOURCE""]","[""HARD_BLOCK:SYNTHETIC_SOURCE"", ""HARD_BLOCK:SIMULATED_CLOCK"", ""HARD_BLOCK:STALE_PRICE""]",S:7d6e47b10f2f769fa643b3c0
P:058097a992d39a79ca70,artifact-v2,2026-01-20T20:30:00Z,2026-01-20T20:30:00Z,2026-01-20T23:00:00Z,FORWARD,SYNTHETIC,DEV_SYNTHETIC,2025020706,TEAM_TOTAL,FULL_GAME,UNDER,2.5,DET,,2025020706:TEAM_TOTAL:DET:UNDER:+2.5,2025020706:TEAM_TOTAL:DET:+2.5,synthbook,synthetic,OVER@2026-01-20T15:00:00Z#synthetic|UNDER@2026-01-20T15:00:00Z#synthetic,2026-01-20T15:00:00Z,330.0,177,2.77,0.36101083,0.345612,multiplicative,0.04455513,0.348205,0.348205,0.0,187,2.87186764,0.002593,-0.035471,-0.035471,HOME:UNKNOWN(8470595@0.549)|AWAY:PROJECTED(8470639@0.880),G:fcdea9179505744f,UNKNOWN,R:5a6a727e3437a91e,nhl-gs-0.1.0,nhl-feat-0.1.0,PR:22465be539be19fb,LC:67c7cb02a1bcdc94,"[""pull_trailing_by_1_seconds"", ""pull_trailing_by_2_seconds"", ""rate_4v4_mult"", ""rate_6v5_attack"", ""rate_empty_net"", ""rate_pp"", ""rate_sh"", ""score_effect_beta"", ""score_effect_beta_p3""]",bcb139690e46,DS:0bed14e213663aba,0.9457,BLOCKED,PASS,INELIGIBLE_DEV,"[""HARD_BLOCK:SIMULATED_CLOCK"", ""HARD_BLOCK:STALE_PRICE"", ""HARD_BLOCK:SYNTHETIC_SOURCE""]","[""HARD_BLOCK:SYNTHETIC_SOURCE"", ""HARD_BLOCK:SIMULATED_CLOCK"", ""HARD_BLOCK:STALE_PRICE""]",S:8d7c49bf19492f322fdf7067
P:f64838291270943d5460,artifact-v2,2026-01-20T20:30:00Z,2026-01-20T20:30:00Z,2026-01-20T23:00:00Z,FORWARD,SYNTHETIC,DEV_SYNTHETIC,2025020706,TEAM_TOTAL,FULL_GAME,OVER,2.5,WSH,,2025020706:TEAM_TOTAL:WSH:OVER:+2.5,2025020706:TEAM_TOTAL:WSH:+2.5,synthbook,synthetic,OVER@2026-01-20T15:00:00Z#synthetic|UNDER@2026-01-20T15:00:00Z#synthetic,2026-01-20T15:00:00Z,330.0,-169,1.59171598,0.62825279,0.601245,multiplicative,0.04491945,0.598769,0.598769,0.0,-149,1.67009241,-0.002476,-0.046929,-0.046929,HOME:UNKNOWN(8470595@0.549)|AWAY:PROJECTED(8470639@0.880),G:fcdea9179505744f,UNKNOWN,R:5a6a727e3437a91e,nhl-gs-0.1.0,nhl-feat-0.1.0,PR:22465be539be19fb,LC:67c7cb02a1bcdc94,"[""pull_trailing_by_1_seconds"", ""pull_trailing_by_2_seconds"", ""rate_4v4_mult"", ""rate_6v5_attack"", ""rate_empty_net"", ""rate_pp"", ""rate_sh"", ""score_effect_beta"", ""score_effect_beta_p3""]",bcb139690e46,DS:0bed14e213663aba,0.9457,BLOCKED,PASS,INELIGIBLE_DEV,"[""HARD_BLOCK:SIMULATED_CLOCK"", ""HARD_BLOCK:STALE_PRICE"", ""HARD_BLOCK:SYNTHETIC_SOURCE""]","[""HARD_BLOCK:SYNTHETIC_SOURCE"", ""HARD_BLOCK:SIMULATED_CLOCK"", ""HARD_BLOCK:STALE_PRICE""]",S:ae29479defa108c0259ac32a
P:3cc6bed8bdc7dfd5f66c,artifact-v2,2026-01-20T20:30:00Z,2026-01-20T20:30:00Z,2026-01-20T23:00:00Z,FORWARD,SYNTHETIC,DEV_SYNTHETIC,2025020706,TEAM_TOTAL,FULL_GAME,UNDER,2.5,WSH,,2025020706:TEAM_TOTAL:WSH:UNDER:+2.5,2025020706:TEAM_TOTAL:WSH:+2.5,synthbook,synthetic,OVER@2026-01-20T15:00:00Z#synthetic|UNDER@2026-01-20T15:00:00Z#synthetic,2026-01-20T15:00:00Z,330.0,140,2.4,0.41666667,0.398755,multiplicative,0.04491945,0.401231,0.401231,0.0,149,2.49233148,0.002476,-0.037046,-0.037046,HOME:UNKNOWN(8470595@0.549)|AWAY:PROJECTED(8470639@0.880),G:fcdea9179505744f,UNKNOWN,R:5a6a727e3437a91e,nhl-gs-0.1.0,nhl-feat-0.1.0,PR:22465be539be19fb,LC:67c7cb02a1bcdc94,"[""pull_trailing_by_1_seconds"", ""pull_trailing_by_2_seconds"", ""rate_4v4_mult"", ""rate_6v5_attack"", ""rate_empty_net"", ""rate_pp"", ""rate_sh"", ""score_effect_beta"", ""score_effect_beta_p3""]",bcb139690e46,DS:0bed14e213663aba,0.9457,BLOCKED,PASS,INELIGIBLE_DEV,"[""HARD_BLOCK:SIMULATED_CLOCK"", ""HARD_BLOCK:STALE_PRICE"", ""HARD_BLOCK:SYNTHETIC_SOURCE""]","[""HARD_BLOCK:SYNTHETIC_SOURCE"", ""HARD_BLOCK:SIMULATED_CLOCK"", ""HARD_BLOCK:STALE_PRICE""]",S:2e76f35db2073c2019a0913f
P:06b580f7696e9c7c56b4,artifact-v2,2026-01-20T20:30:00Z,2026-01-20T20:30:00Z,2026-01-20T23:00:00Z,FORWARD,SYNTHETIC,DEV_SYNTHETIC,2025020706,TOTAL,FULL_GAME,OVER,6.5,,,2025020706:TOTAL:OVER:+6.5,2025020706:TOTAL:+6.5,synthbook,synthetic,OVER@2026-01-20T15:00:00Z#synthetic|UNDER@2026-01-20T15:00:00Z#synthetic,2026-01-20T15:00:00Z,330.0,-115,1.86956522,0.53488372,0.512003,multiplicative,0.04468764,0.471265,0.471265,0.0,112,2.12194781,-0.040738,-0.118939,-0.118939,HOME:UNKNOWN(8470595@0.549)|AWAY:PROJECTED(8470639@0.880),G:fcdea9179505744f,UNKNOWN,R:5a6a727e3437a91e,nhl-gs-0.1.0,nhl-feat-0.1.0,PR:22465be539be19fb,LC:67c7cb02a1bcdc94,"[""pull_trailing_by_1_seconds"", ""pull_trailing_by_2_seconds"", ""rate_4v4_mult"", ""rate_6v5_attack"", ""rate_empty_net"", ""rate_pp"", ""rate_sh"", ""score_effect_beta"", ""score_effect_beta_p3""]",bcb139690e46,DS:0bed14e213663aba,0.9457,BLOCKED,PASS,INELIGIBLE_DEV,"[""HARD_BLOCK:SIMULATED_CLOCK"", ""HARD_BLOCK:STALE_PRICE"", ""HARD_BLOCK:SYNTHETIC_SOURCE""]","[""HARD_BLOCK:SYNTHETIC_SOURCE"", ""HARD_BLOCK:SIMULATED_CLOCK"", ""HARD_BLOCK:STALE_PRICE""]",S:f9295eb6a8f94371f4c7232c
P:644cf79a2b7a5c2cd8d5,artifact-v2,2026-01-20T20:30:00Z,2026-01-20T20:30:00Z,2026-01-20T23:00:00Z,FORWARD,SYNTHETIC,DEV_SYNTHETIC,2025020706,TOTAL,FULL_GAME,UNDER,6.5,,,2025020706:TOTAL:UNDER:+6.5,2025020706:TOTAL:+6.5,synthbook,synthetic,OVER@2026-01-20T15:00:00Z#synthetic|UNDER@2026-01-20T15:00:00Z#synthetic,2026-01-20T15:00:00Z,330.0,-104,1.96153846,0.50980392,0.487997,multiplicative,0.04468764,0.528735,0.528735,0.0,-112,1.89130705,0.040738,0.037134,0.037134,HOME:UNKNOWN(8470595@0.549)|AWAY:PROJECTED(8470639@0.880),G:fcdea9179505744f,UNKNOWN,R:5a6a727e3437a91e,nhl-gs-0.1.0,nhl-feat-0.1.0,PR:22465be539be19fb,LC:67c7cb02a1bcdc94,"[""pull_trailing_by_1_seconds"", ""pull_trailing_by_2_seconds"", ""rate_4v4_mult"", ""rate_6v5_attack"", ""rate_empty_net"", ""rate_pp"", ""rate_sh"", ""score_effect_beta"", ""score_effect_beta_p3""]",bcb139690e46,DS:0bed14e213663aba,0.9457,BLOCKED,MODEL_PLUS,INELIGIBLE_DEV,"[""HARD_BLOCK:SIMULATED_CLOCK"", ""HARD_BLOCK:STALE_PRICE"", ""HARD_BLOCK:SYNTHETIC_SOURCE""]","[""HARD_BLOCK:SYNTHETIC_SOURCE"", ""HARD_BLOCK:SIMULATED_CLOCK"", ""HARD_BLOCK:STALE_PRICE""]",S:1880ce8c397e77253eab04ae
P:be62e3f49cecea088013,artifact-v2,2026-01-20T21:50:00Z,2026-01-20T21:50:00Z,2026-01-20T23:00:00Z,FORWARD,SYNTHETIC,DEV_SYNTHETIC,2025020705,ML,FULL_GAME,HOME,,,,2025020705:ML:HOME,2025020705:ML,synthbook,synthetic,HOME@2026-01-20T15:00:00Z#synthetic|AWAY@2026-01-20T15:00:00Z#synthetic,2026-01-20T15:00:00Z,410.0,106,2.06,0.48543689,0.463716,multiplicative,0.0468404,0.521472,0.521472,0.0,-109,1.91764728,0.057756,0.074233,0.074233,HOME:UNKNOWN(8470610@0.717)|AWAY:CONFIRMED(8470582@0.985),G:e91649762ada053c,UNKNOWN,R:5ed08c0c3522d82f,nhl-gs-0.1.0,nhl-feat-0.1.0,PR:22465be539be19fb,LC:67c7cb02a1bcdc94,"[""pull_trailing_by_1_seconds"", ""pull_trailing_by_2_seconds"", ""rate_4v4_mult"", ""rate_6v5_attack"", ""rate_empty_net"", ""rate_pp"", ""rate_sh"", ""score_effect_beta"", ""score_effect_beta_p3""]",bcb139690e46,DS:a077664f0991a2ed,0.9457,BLOCKED,MODEL_PLUS,INELIGIBLE_DEV,"[""HARD_BLOCK:SIMULATED_CLOCK"", ""HARD_BLOCK:STALE_PRICE"", ""HARD_BLOCK:SYNTHETIC_SOURCE""]","[""HARD_BLOCK:SYNTHETIC_SOURCE"", ""HARD_BLOCK:SIMULATED_CLOCK"", ""HARD_BLOCK:STALE_PRICE""]",S:38ca1044bdb85a2a25aa028d
P:fb034dbcc6db3009ebdc,artifact-v2,2026-01-20T21:50:00Z,2026-01-20T21:50:00Z,2026-01-20T23:00:00Z,FORWARD,SYNTHETIC,DEV_SYNTHETIC,2025020705,ML,FULL_GAME,AWAY,,,,2025020705:ML:AWAY,2025020705:ML,synthbook,synthetic,HOME@2026-01-20T15:00:00Z#synthetic|AWAY@2026-01-20T15:00:00Z#synthetic,2026-01-20T15:00:00Z,410.0,-128,1.78125,0.56140351,0.536284,multiplicative,0.0468404,0.478528,0.478528,0.0,109,2.08974332,-0.057756,-0.147623,-0.147623,HOME:UNKNOWN(8470610@0.717)|AWAY:CONFIRMED(8470582@0.985),G:e91649762ada053c,UNKNOWN,R:5ed08c0c3522d82f,nhl-gs-0.1.0,nhl-feat-0.1.0,PR:22465be539be19fb,LC:67c7cb02a1bcdc94,"[""pull_trailing_by_1_seconds"", ""pull_trailing_by_2_seconds"", ""rate_4v4_mult"", ""rate_6v5_attack"", ""rate_empty_net"", ""rate_pp"", ""rate_sh"", ""score_effect_beta"", ""score_effect_beta_p3""]",bcb139690e46,DS:a077664f0991a2ed,0.9457,BLOCKED,PASS,INELIGIBLE_DEV,"[""HARD_BLOCK:SIMULATED_CLOCK"", ""HARD_BLOCK:STALE_PRICE"", ""HARD_BLOCK:SYNTHETIC_SOURCE""]","[""HARD_BLOCK:SYNTHETIC_SOURCE"", ""HARD_BLOCK:SIMULATED_CLOCK"", ""HARD_BLOCK:STALE_PRICE""]",S:135a2e0e6c2e30106dd45fd7
P:98ba10904beed0bc3f90,artifact-v2,2026-01-20T21:50:00Z,2026-01-20T21:50:00Z,2026-01-20T23:00:00Z,FORWARD,SYNTHETIC,DEV_SYNTHETIC,2025020705,PUCK_LINE,FULL_GAME,HOME,1.5,,,2025020705:PUCK_LINE:HOME:+1.5,2025020705:PUCK_LINE:+1.5,synthbook,synthetic,HOME@2026-01-20T15:00:00Z#synthetic|AWAY@2026-01-20T15:00:00Z#synthetic,2026-01-20T15:00:00Z,410.0,-354,1.28248588,0.77973568,0.746167,multiplicative,0.04498767,0.740309,0.740309,0.0,-285,1.35078797,-0.005859,-0.050565,-0.050565,HOME:UNKNOWN(8470610@0.717)|AWAY:CONFIRMED(8470582@0.985),G:e91649762ada053c,UNKNOWN,R:5ed08c0c3522d82f,nhl-gs-0.1.0,nhl-feat-0.1.0,PR:22465be539be19fb,LC:67c7cb02a1bcdc94,"[""pull_trailing_by_1_seconds"", ""pull_trailing_by_2_seconds"", ""rate_4v4_mult"", ""rate_6v5_attack"", ""rate_empty_net"", ""rate_pp"", ""rate_sh"", ""score_effect_beta"", ""score_effect_beta_p3""]",bcb139690e46,DS:a077664f0991a2ed,0.9457,BLOCKED,PASS,INELIGIBLE_DEV,"[""HARD_BLOCK:SIMULATED_CLOCK"", ""HARD_BLOCK:STALE_PRICE"", ""HARD_BLOCK:SYNTHETIC_SOURCE""]","[""HARD_BLOCK:SYNTHETIC_SOURCE"", ""HARD_BLOCK:SIMULATED_CLOCK"", ""HARD_BLOCK:STALE_PRICE""]",S:a4a8a431ce1b34f53db4f016
P:ef242f6c30822b0fe124,artifact-v2,2026-01-20T21:50:00Z,2026-01-20T21:50:00Z,2026-01-20T23:00:00Z,FORWARD,SYNTHETIC,DEV_SYNTHETIC,2025020705,PUCK_LINE,FULL_GAME,AWAY,-1.5,,,2025020705:PUCK_LINE:AWAY:-1.5,2025020705:PUCK_LINE:+1.5,synthbook,synthetic,HOME@2026-01-20T15:00:00Z#synthetic|AWAY@2026-01-20T15:00:00Z#synthetic,2026-01-20T15:00:00Z,410.0,277,3.77,0.26525199,0.253833,multiplicative,0.04498767,0.259691,0.259691,0.0,285,3.85072493,0.005859,-0.020964,-0.020964,HOME:UNKNOWN(8470610@0.717)|AWAY:CONFIRMED(8470582@0.985),G:e91649762ada053c,UNKNOWN,R:5ed08c0c3522d82f,nhl-gs-0.1.0,nhl-feat-0.1.0,PR:22465be539be19fb,LC:67c7cb02a1bcdc94,"[""pull_trailing_by_1_seconds"", ""pull_trailing_by_2_seconds"", ""rate_4v4_mult"", ""rate_6v5_attack"", ""rate_empty_net"", ""rate_pp"", ""rate_sh"", ""score_effect_beta"", ""score_effect_beta_p3""]",bcb139690e46,DS:a077664f0991a2ed,0.9457,BLOCKED,PASS,INELIGIBLE_DEV,"[""HARD_BLOCK:SIMULATED_CLOCK"", ""HARD_BLOCK:STALE_PRICE"", ""HARD_BLOCK:SYNTHETIC_SOURCE""]","[""HARD_BLOCK:SYNTHETIC_SOURCE"", ""HARD_BLOCK:SIMULATED_CLOCK"", ""HARD_BLOCK:STALE_PRICE""]",S:48470d6830dc3e81b66a8259
P:8efbd57968cfbbbaadf3,artifact-v2,2026-01-20T21:50:00Z,2026-01-20T21:50:00Z,2026-01-20T23:00:00Z,FORWARD,SYNTHETIC,DEV_SYNTHETIC,2025020705,REG_3WAY,REGULATION,HOME,,,,2025020705:REG_3WAY:HOME,2025020705:REG_3WAY,synthbook,synthetic,HOME@2026-01-20T15:00:00Z#synthetic|DRAW@2026-01-20T15:00:00Z#synthetic|AWAY@2026-01-20T15:00:00Z#synthetic,2026-01-20T15:00:00Z,410.0,143,2.43,0.41152263,0.391671,multiplicative,0.05068323,0.404862,0.404862,0.0,147,2.46997613,0.013191,-0.016185,-0.016185,HOME:UNKNOWN(8470610@0.717)|AWAY:CONFIRMED(8470582@0.985),G:e91649762ada053c,UNKNOWN,R:5ed08c0c3522d82f,nhl-gs-0.1.0,nhl-feat-0.1.0,PR:22465be539be19fb,LC:67c7cb02a1bcdc94,"[""pull_trailing_by_1_seconds"", ""pull_trailing_by_2_seconds"", ""rate_4v4_mult"", ""rate_6v5_attack"", ""rate_empty_net"", ""rate_pp"", ""rate_sh"", ""score_effect_beta"", ""score_effect_beta_p3""]",bcb139690e46,DS:a077664f0991a2ed,0.9457,BLOCKED,PASS,INELIGIBLE_DEV,"[""HARD_BLOCK:SIMULATED_CLOCK"", ""HARD_BLOCK:STALE_PRICE"", ""HARD_BLOCK:SYNTHETIC_SOURCE""]","[""HARD_BLOCK:SYNTHETIC_SOURCE"", ""HARD_BLOCK:SIMULATED_CLOCK"", ""HARD_BLOCK:STALE_PRICE""]",S:5aa026828ac044e5c0d61208
P:584318f1afaa276f770c,artifact-v2,2026-01-20T21:50:00Z,2026-01-20T21:50:00Z,2026-01-20T23:00:00Z,FORWARD,SYNTHETIC,DEV_SYNTHETIC,2025020705,REG_3WAY,REGULATION,DRAW,,,,2025020705:REG_3WAY:DRAW,2025020705:REG_3WAY,synthbook,synthetic,HOME@2026-01-20T15:00:00Z#synthetic|DRAW@2026-01-20T15:00:00Z#synthetic|AWAY@2026-01-20T15:00:00Z#synthetic,2026-01-20T15:00:00Z,410.0,353,4.53,0.22075055,0.210102,multiplicative,0.05068323,0.217478,0.217478,0.0,360,4.59816676,0.007376,-0.014825,-0.014825,HOME:UNKNOWN(8470610@0.717)|AWAY:CONFIRMED(8470582@0.985),G:e91649762ada053c,UNKNOWN,R:5ed08c0c3522d82f,nhl-gs-0.1.0,nhl-feat-0.1.0,PR:22465be539be19fb,LC:67c7cb02a1bcdc94,"[""pull_trailing_by_1_seconds"", ""pull_trailing_by_2_seconds"", ""rate_4v4_mult"", ""rate_6v5_attack"", ""rate_empty_net"", ""rate_pp"", ""rate_sh"", ""score_effect_beta"", ""score_effect_beta_p3""]",bcb139690e46,DS:a077664f0991a2ed,0.9457,BLOCKED,PASS,INELIGIBLE_DEV,"[""HARD_BLOCK:SIMULATED_CLOCK"", ""HARD_BLOCK:STALE_PRICE"", ""HARD_BLOCK:SYNTHETIC_SOURCE""]","[""HARD_BLOCK:SYNTHETIC_SOURCE"", ""HARD_BLOCK:SIMULATED_CLOCK"", ""HARD_BLOCK:STALE_PRICE""]",S:dbbb97d3c26b545033cf4aed
P:3e22d7d90495a24c8109,artifact-v2,2026-01-20T21:50:00Z,2026-01-20T21:50:00Z,2026-01-20T23:00:00Z,FORWARD,SYNTHETIC,DEV_SYNTHETIC,2025020705,REG_3WAY,REGULATION,AWAY,,,,2025020705:REG_3WAY:AWAY,2025020705:REG_3WAY,synthbook,synthetic,HOME@2026-01-20T15:00:00Z#synthetic|DRAW@2026-01-20T15:00:00Z#synthetic|AWAY@2026-01-20T15:00:00Z#synthetic,2026-01-20T15:00:00Z,410.0,139,2.39,0.41841004,0.398227,multiplicative,0.05068323,0.37766,0.37766,0.0,165,2.64788566,-0.020567,-0.097393,-0.097393,HOME:UNKNOWN(8470610@0.717)|AWAY:CONFIRMED(8470582@0.985),G:e91649762ada053c,UNKNOWN,R:5ed08c0c3522d82f,nhl-gs-0.1.0,nhl-feat-0.1.0,PR:22465be539be19fb,LC:67c7cb02a1bcdc94,"[""pull_trailing_by_1_seconds"", ""pull_trailing_by_2_seconds"", ""rate_4v4_mult"", ""rate_6v5_attack"", ""rate_empty_net"", ""rate_pp"", ""rate_sh"", ""score_effect_beta"", ""score_effect_beta_p3""]",bcb139690e46,DS:a077664f0991a2ed,0.9457,BLOCKED,PASS,INELIGIBLE_DEV,"[""HARD_BLOCK:SIMULATED_CLOCK"", ""HARD_BLOCK:STALE_PRICE"", ""HARD_BLOCK:SYNTHETIC_SOURCE""]","[""HARD_BLOCK:SYNTHETIC_SOURCE"", ""HARD_BLOCK:SIMULATED_CLOCK"", ""HARD_BLOCK:STALE_PRICE""]",S:744eeb5db446054e39ce014e
P:aeaec1bc610c5f49d748,artifact-v2,2026-01-20T21:50:00Z,2026-01-20T21:50:00Z,2026-01-20T23:00:00Z,FORWARD,SYNTHETIC,DEV_SYNTHETIC,2025020705,TEAM_TOTAL,FULL_GAME,OVER,2.5,BUF,,2025020705:TEAM_TOTAL:BUF:OVER:+2.5,2025020705:TEAM_TOTAL:BUF:+2.5,synthbook,synthetic,OVER@2026-01-20T15:00:00Z#synthetic|UNDER@2026-01-20T15:00:00Z#synthetic,2026-01-20T15:00:00Z,410.0,-150,1.66666667,0.6,0.573379,multiplicative,0.04642857,0.587502,0.587502,0.0,-142,1.7021208,0.014124,-0.020829,-0.020829,HOME:UNKNOWN(8470610@0.717)|AWAY:CONFIRMED(8470582@0.985),G:e91649762ada053c,UNKNOWN,R:5ed08c0c3522d82f,nhl-gs-0.1.0,nhl-feat-0.1.0,PR:22465be539be19fb,LC:67c7cb02a1bcdc94,"[""pull_trailing_by_1_seconds"", ""pull_trailing_by_2_seconds"", ""rate_4v4_mult"", ""rate_6v5_attack"", ""rate_empty_net"", ""rate_pp"", ""rate_sh"", ""score_effect_beta"", ""score_effect_beta_p3""]",bcb139690e46,DS:a077664f0991a2ed,0.9457,BLOCKED,PASS,INELIGIBLE_DEV,"[""HARD_BLOCK:SIMULATED_CLOCK"", ""HARD_BLOCK:STALE_PRICE"", ""HARD_BLOCK:SYNTHETIC_SOURCE""]","[""HARD_BLOCK:SYNTHETIC_SOURCE"", ""HARD_BLOCK:SIMULATED_CLOCK"", ""HARD_BLOCK:STALE_PRICE""]",S:abcc308a097707c2547d59cd
P:9f4aa1e5d116f6890b51,artifact-v2,2026-01-20T21:50:00Z,2026-01-20T21:50:00Z,2026-01-20T23:00:00Z,FORWARD,SYNTHETIC,DEV_SYNTHETIC,2025020705,TEAM_TOTAL,FULL_GAME,UNDER,2.5,BUF,,2025020705:TEAM_TOTAL:BUF:UNDER:+2.5,2025020705:TEAM_TOTAL:BUF:+2.5,synthbook,synthetic,OVER@2026-01-20T15:00:00Z#synthetic|UNDER@2026-01-20T15:00:00Z#synthetic,2026-01-20T15:00:00Z,410.0,124,2.24,0.44642857,0.426621,multiplicative,0.04642857,0.412498,0.412498,0.0,142,2.42425634,-0.014124,-0.076005,-0.076005,HOME:UNKNOWN(8470610@0.717)|AWAY:CONFIRMED(8470582@0.985),G:e91649762ada053c,UNKNOWN,R:5ed08c0c3522d82f,nhl-gs-0.1.0,nhl-feat-0.1.0,PR:22465be539be19fb,LC:67c7cb02a1bcdc94,"[""pull_trailing_by_1_seconds"", ""pull_trailing_by_2_seconds"", ""rate_4v4_mult"", ""rate_6v5_attack"", ""rate_empty_net"", ""rate_pp"", ""rate_sh"", ""score_effect_beta"", ""score_effect_beta_p3""]",bcb139690e46,DS:a077664f0991a2ed,0.9457,BLOCKED,PASS,INELIGIBLE_DEV,"[""HARD_BLOCK:SIMULATED_CLOCK"", ""HARD_BLOCK:STALE_PRICE"", ""HARD_BLOCK:SYNTHETIC_SOURCE""]","[""HARD_BLOCK:SYNTHETIC_SOURCE"", ""HARD_BLOCK:SIMULATED_CLOCK"", ""HARD_BLOCK:STALE_PRICE""]",S:29eb19f1acbde3c8ebb0344e
P:a4d39eca1d7a36f619ca,artifact-v2,2026-01-20T21:50:00Z,2026-01-20T21:50:00Z,2026-01-20T23:00:00Z,FORWARD,SYNTHETIC,DEV_SYNTHETIC,2025020705,TEAM_TOTAL,FULL_GAME,OVER,2.5,NSH,,2025020705:TEAM_TOTAL:NSH:OVER:+2.5,2025020705:TEAM_TOTAL:NSH:+2.5,synthbook,synthetic,OVER@2026-01-20T15:00:00Z#synthetic|UNDER@2026-01-20T15:00:00Z#synthetic,2026-01-20T15:00:00Z,410.0,-157,1.63694268,0.61089494,0.58421,multiplicative,0.04567755,0.619201,0.619201,0.0,-163,1.61498398,0.034992,0.013597,0.013597,HOME:UNKNOWN(8470610@0.717)|AWAY:CONFIRMED(8470582@0.985),G:e91649762ada053c,UNKNOWN,R:5ed08c0c3522d82f,nhl-gs-0.1.0,nhl-feat-0.1.0,PR:22465be539be19fb,LC:67c7cb02a1bcdc94,"[""pull_trailing_by_1_seconds"", ""pull_trailing_by_2_seconds"", ""rate_4v4_mult"", ""rate_6v5_attack"", ""rate_empty_net"", ""rate_pp"", ""rate_sh"", ""score_effect_beta"", ""score_effect_beta_p3""]",bcb139690e46,DS:a077664f0991a2ed,0.9457,BLOCKED,WATCH,INELIGIBLE_DEV,"[""HARD_BLOCK:SIMULATED_CLOCK"", ""HARD_BLOCK:STALE_PRICE"", ""HARD_BLOCK:SYNTHETIC_SOURCE""]","[""HARD_BLOCK:SYNTHETIC_SOURCE"", ""HARD_BLOCK:SIMULATED_CLOCK"", ""HARD_BLOCK:STALE_PRICE""]",S:c5c8b19759270004e0521572
P:4aacae45eb3b7ea8a6ee,artifact-v2,2026-01-20T21:50:00Z,2026-01-20T21:50:00Z,2026-01-20T23:00:00Z,FORWARD,SYNTHETIC,DEV_SYNTHETIC,2025020705,TEAM_TOTAL,FULL_GAME,UNDER,2.5,NSH,,2025020705:TEAM_TOTAL:NSH:UNDER:+2.5,2025020705:TEAM_TOTAL:NSH:+2.5,synthbook,synthetic,OVER@2026-01-20T15:00:00Z#synthetic|UNDER@2026-01-20T15:00:00Z#synthetic,2026-01-20T15:00:00Z,410.0,130,2.3,0.43478261,0.41579,multiplicative,0.04567755,0.380799,0.380799,0.0,163,2.62605862,-0.034992,-0.124163,-0.124163,HOME:UNKNOWN(8470610@0.717)|AWAY:CONFIRMED(8470582@0.985),G:e91649762ada053c,UNKNOWN,R:5ed08c0c3522d82f,nhl-gs-0.1.0,nhl-feat-0.1.0,PR:22465be539be19fb,LC:67c7cb02a1bcdc94,"[""pull_trailing_by_1_seconds"", ""pull_trailing_by_2_seconds"", ""rate_4v4_mult"", ""rate_6v5_attack"", ""rate_empty_net"", ""rate_pp"", ""rate_sh"", ""score_effect_beta"", ""score_effect_beta_p3""]",bcb139690e46,DS:a077664f0991a2ed,0.9457,BLOCKED,PASS,INELIGIBLE_DEV,"[""HARD_BLOCK:SIMULATED_CLOCK"", ""HARD_BLOCK:STALE_PRICE"", ""HARD_BLOCK:SYNTHETIC_SOURCE""]","[""HARD_BLOCK:SYNTHETIC_SOURCE"", ""HARD_BLOCK:SIMULATED_CLOCK"", ""HARD_BLOCK:STALE_PRICE""]",S:3a42c5c201ba51440d98d7fb
P:ba36dc88d5faa5095fc4,artifact-v2,2026-01-20T21:50:00Z,2026-01-20T21:50:00Z,2026-01-20T23:00:00Z,FORWARD,SYNTHETIC,DEV_SYNTHETIC,2025020705,TOTAL,FULL_GAME,OVER,6.5,,,2025020705:TOTAL:OVER:+6.5,2025020705:TOTAL:+6.5,synthbook,synthetic,OVER@2026-01-20T15:00:00Z#synthetic|UNDER@2026-01-20T15:00:00Z#synthetic,2026-01-20T15:00:00Z,410.0,119,2.19,0.456621,0.436917,multiplicative,0.04509837,0.441484,0.441484,0.0,127,2.2650897,0.004567,-0.033151,-0.033151,HOME:UNKNOWN(8470610@0.717)|AWAY:CONFIRMED(8470582@0.985),G:e91649762ada053c,UNKNOWN,R:5ed08c0c3522d82f,nhl-gs-0.1.0,nhl-feat-0.1.0,PR:22465be539be19fb,LC:67c7cb02a1bcdc94,"[""pull_trailing_by_1_seconds"", ""pull_trailing_by_2_seconds"", ""rate_4v4_mult"", ""rate_6v5_attack"", ""rate_empty_net"", ""rate_pp"", ""rate_sh"", ""score_effect_beta"", ""score_effect_beta_p3""]",bcb139690e46,DS:a077664f0991a2ed,0.9457,BLOCKED,PASS,INELIGIBLE_DEV,"[""HARD_BLOCK:SIMULATED_CLOCK"", ""HARD_BLOCK:STALE_PRICE"", ""HARD_BLOCK:SYNTHETIC_SOURCE""]","[""HARD_BLOCK:SYNTHETIC_SOURCE"", ""HARD_BLOCK:SIMULATED_CLOCK"", ""HARD_BLOCK:STALE_PRICE""]",S:8c392f1570d369a07883a7db
P:82045adee0279717279a,artifact-v2,2026-01-20T21:50:00Z,2026-01-20T21:50:00Z,2026-01-20T23:00:00Z,FORWARD,SYNTHETIC,DEV_SYNTHETIC,2025020705,TOTAL,FULL_GAME,UNDER,6.5,,,2025020705:TOTAL:UNDER:+6.5,2025020705:TOTAL:+6.5,synthbook,synthetic,OVER@2026-01-20T15:00:00Z#synthetic|UNDER@2026-01-20T15:00:00Z#synthetic,2026-01-20T15:00:00Z,410.0,-143,1.6993007,0.58847737,0.563083,multiplicative,0.04509837,0.558516,0.558516,0.0,-127,1.79045778,-0.004567,-0.050913,-0.050913,HOME:UNKNOWN(8470610@0.717)|AWAY:CONFIRMED(8470582@0.985),G:e91649762ada053c,UNKNOWN,R:5ed08c0c3522d82f,nhl-gs-0.1.0,nhl-feat-0.1.0,PR:22465be539be19fb,LC:67c7cb02a1bcdc94,"[""pull_trailing_by_1_seconds"", ""pull_trailing_by_2_seconds"", ""rate_4v4_mult"", ""rate_6v5_attack"", ""rate_empty_net"", ""rate_pp"", ""rate_sh"", ""score_effect_beta"", ""score_effect_beta_p3""]",bcb139690e46,DS:a077664f0991a2ed,0.9457,BLOCKED,PASS,INELIGIBLE_DEV,"[""HARD_BLOCK:SIMULATED_CLOCK"", ""HARD_BLOCK:STALE_PRICE"", ""HARD_BLOCK:SYNTHETIC_SOURCE""]","[""HARD_BLOCK:SYNTHETIC_SOURCE"", ""HARD_BLOCK:SIMULATED_CLOCK"", ""HARD_BLOCK:STALE_PRICE""]",S:663f1b9cb4feae8c5e6e4d76
P:a75883330ee84342a584,artifact-v2,2026-01-20T21:50:00Z,2026-01-20T21:50:00Z,2026-01-20T23:00:00Z,FORWARD,SYNTHETIC,DEV_SYNTHETIC,2025020706,ML,FULL_GAME,HOME,,,,2025020706:ML:HOME,2025020706:ML,synthbook,synthetic,HOME@2026-01-20T15:00:00Z#synthetic|AWAY@2026-01-20T15:00:00Z#synthetic,2026-01-20T15:00:00Z,410.0,100,2.0,0.5,0.478261,multiplicative,0.04545455,0.551427,0.551427,0.0,-123,1.81347777,0.073166,0.102853,0.102853,HOME:CONFIRMED(8470595@0.985)|AWAY:PROJECTED(8470639@0.880),G:ceae6463de3bc7d4,UNKNOWN,R:5a6a727e3437a91e,nhl-gs-0.1.0,nhl-feat-0.1.0,PR:22465be539be19fb,LC:67c7cb02a1bcdc94,"[""pull_trailing_by_1_seconds"", ""pull_trailing_by_2_seconds"", ""rate_4v4_mult"", ""rate_6v5_attack"", ""rate_empty_net"", ""rate_pp"", ""rate_sh"", ""score_effect_beta"", ""score_effect_beta_p3""]",bcb139690e46,DS:a077664f0991a2ed,0.9457,BLOCKED,MODEL_PLUS,INELIGIBLE_DEV,"[""HARD_BLOCK:SIMULATED_CLOCK"", ""HARD_BLOCK:STALE_PRICE"", ""HARD_BLOCK:SYNTHETIC_SOURCE""]","[""HARD_BLOCK:SYNTHETIC_SOURCE"", ""HARD_BLOCK:SIMULATED_CLOCK"", ""HARD_BLOCK:STALE_PRICE""]",S:ab80cfb18664422d08288539
P:0f715baaa70f5cbd1d06,artifact-v2,2026-01-20T21:50:00Z,2026-01-20T21:50:00Z,2026-01-20T23:00:00Z,FORWARD,SYNTHETIC,DEV_SYNTHETIC,2025020706,ML,FULL_GAME,AWAY,,,,2025020706:ML:AWAY,2025020706:ML,synthbook,synthetic,HOME@2026-01-20T15:00:00Z#synthetic|AWAY@2026-01-20T15:00:00Z#synthetic,2026-01-20T15:00:00Z,410.0,-120,1.83333333,0.54545455,0.521739,multiplicative,0.04545455,0.448573,0.448573,0.0,123,2.2292899,-0.073166,-0.177616,-0.177616,HOME:CONFIRMED(8470595@0.985)|AWAY:PROJECTED(8470639@0.880),G:ceae6463de3bc7d4,UNKNOWN,R:5a6a727e3437a91e,nhl-gs-0.1.0,nhl-feat-0.1.0,PR:22465be539be19fb,LC:67c7cb02a1bcdc94,"[""pull_trailing_by_1_seconds"", ""pull_trailing_by_2_seconds"", ""rate_4v4_mult"", ""rate_6v5_attack"", ""rate_empty_net"", ""rate_pp"", ""rate_sh"", ""score_effect_beta"", ""score_effect_beta_p3""]",bcb139690e46,DS:a077664f0991a2ed,0.9457,BLOCKED,PASS,INELIGIBLE_DEV,"[""HARD_BLOCK:SIMULATED_CLOCK"", ""HARD_BLOCK:STALE_PRICE"", ""HARD_BLOCK:SYNTHETIC_SOURCE""]","[""HARD_BLOCK:SYNTHETIC_SOURCE"", ""HARD_BLOCK:SIMULATED_CLOCK"", ""HARD_BLOCK:STALE_PRICE""]",S:b68527a0460998f3ba374ff4
P:59651cd02103aeec7947,artifact-v2,2026-01-20T21:50:00Z,2026-01-20T21:50:00Z,2026-01-20T23:00:00Z,FORWARD,SYNTHETIC,DEV_SYNTHETIC,2025020706,PUCK_LINE,FULL_GAME,HOME,-1.5,,,2025020706:PUCK_LINE:HOME:-1.5,2025020706:PUCK_LINE:-1.5,synthbook,synthetic,HOME@2026-01-20T15:00:00Z#synthetic|AWAY@2026-01-20T15:00:00Z#synthetic,2026-01-20T15:00:00Z,410.0,211,3.11,0.32154341,0.307609,multiplicative,0.04530031,0.306987,0.306987,0.0,226,3.25747047,-0.000622,-0.045271,-0.045271,HOME:CONFIRMED(8470595@0.985)|AWAY:PROJECTED(8470639@0.880),G:ceae6463de3bc7d4,UNKNOWN,R:5a6a727e3437a91e,nhl-gs-0.1.0,nhl-feat-0.1.0,PR:22465be539be19fb,LC:67c7cb02a1bcdc94,"[""pull_trailing_by_1_seconds"", ""pull_trailing_by_2_seconds"", ""rate_4v4_mult"", ""rate_6v5_attack"", ""rate_empty_net"", ""rate_pp"", ""rate_sh"", ""score_effect_beta"", ""score_effect_beta_p3""]",bcb139690e46,DS:a077664f0991a2ed,0.9457,BLOCKED,PASS,INELIGIBLE_DEV,"[""HARD_BLOCK:SIMULATED_CLOCK"", ""HARD_BLOCK:STALE_PRICE"", ""HARD_BLOCK:SYNTHETIC_SOURCE""]","[""HARD_BLOCK:SYNTHETIC_SOURCE"", ""HARD_BLOCK:SIMULATED_CLOCK"", ""HARD_BLOCK:STALE_PRICE""]",S:bdd7ccfb6d62db4f6deb554a
P:ef0afa2fd56f2ba0a907,artifact-v2,2026-01-20T21:50:00Z,2026-01-20T21:50:00Z,2026-01-20T23:00:00Z,FORWARD,SYNTHETIC,DEV_SYNTHETIC,2025020706,PUCK_LINE,FULL_GAME,AWAY,1.5,,,2025020706:PUCK_LINE:AWAY:+1.5,2025020706:PUCK_LINE:-1.5,synthbook,synthetic,HOME@2026-01-20T15:00:00Z#synthetic|AWAY@2026-01-20T15:00:00Z#synthetic,2026-01-20T15:00:00Z,410.0,-262,1.38167939,0.72375691,0.692391,multiplicative,0.04530031,0.693013,0.693013,0.0,-226,1.44297368,0.000622,-0.042478,-0.042478,HOME:CONFIRMED(8470595@0.985)|AWAY:PROJECTED(8470639@0.880),G:ceae6463de3bc7d4,UNKNOWN,R:5a6a727e3437a91e,nhl-gs-0.1.0,nhl-feat-0.1.0,PR:22465be539be19fb,LC:67c7cb02a1bcdc94,"[""pull_trailing_by_1_seconds"", ""pull_trailing_by_2_seconds"", ""rate_4v4_mult"", ""rate_6v5_attack"", ""rate_empty_net"", ""rate_pp"", ""rate_sh"", ""score_effect_beta"", ""score_effect_beta_p3""]",bcb139690e46,DS:a077664f0991a2ed,0.9457,BLOCKED,PASS,INELIGIBLE_DEV,"[""HARD_BLOCK:SIMULATED_CLOCK"", ""HARD_BLOCK:STALE_PRICE"", ""HARD_BLOCK:SYNTHETIC_SOURCE""]","[""HARD_BLOCK:SYNTHETIC_SOURCE"", ""HARD_BLOCK:SIMULATED_CLOCK"", ""HARD_BLOCK:STALE_PRICE""]",S:8163fc5ef079588605f1991e
P:a483366460d0cfcc7d2f,artifact-v2,2026-01-20T21:50:00Z,2026-01-20T21:50:00Z,2026-01-20T23:00:00Z,FORWARD,SYNTHETIC,DEV_SYNTHETIC,2025020706,REG_3WAY,REGULATION,HOME,,,,2025020706:REG_3WAY:HOME,2025020706:REG_3WAY,synthbook,synthetic,HOME@2026-01-20T15:00:00Z#synthetic|DRAW@2026-01-20T15:00:00Z#synthetic|AWAY@2026-01-20T15:00:00Z#synthetic,2026-01-20T15:00:00Z,410.0,126,2.26,0.44247788,0.42149,multiplicative,0.04979413,0.437187,0.437187,0.0,129,2.28735247,0.015697,-0.011958,-0.011958,HOME:CONFIRMED(8470595@0.985)|AWAY:PROJECTED(8470639@0.880),G:ceae6463de3bc7d4,UNKNOWN,R:5a6a727e3437a91e,nhl-gs-0.1.0,nhl-feat-0.1.0,PR:22465be539be19fb,LC:67c7cb02a1bcdc94,"[""pull_trailing_by_1_seconds"", ""pull_trailing_by_2_seconds"", ""rate_4v4_mult"", ""rate_6v5_attack"", ""rate_empty_net"", ""rate_pp"", ""rate_sh"", ""score_effect_beta"", ""score_effect_beta_p3""]",bcb139690e46,DS:a077664f0991a2ed,0.9457,BLOCKED,PASS,INELIGIBLE_DEV,"[""HARD_BLOCK:SIMULATED_CLOCK"", ""HARD_BLOCK:STALE_PRICE"", ""HARD_BLOCK:SYNTHETIC_SOURCE""]","[""HARD_BLOCK:SYNTHETIC_SOURCE"", ""HARD_BLOCK:SIMULATED_CLOCK"", ""HARD_BLOCK:STALE_PRICE""]",S:e44359afa62c22b24d602247
P:7a65ee645541c727d7a9,artifact-v2,2026-01-20T21:50:00Z,2026-01-20T21:50:00Z,2026-01-20T23:00:00Z,FORWARD,SYNTHETIC,DEV_SYNTHETIC,2025020706,REG_3WAY,REGULATION,DRAW,,,,2025020706:REG_3WAY:DRAW,2025020706:REG_3WAY,synthbook,synthetic,HOME@2026-01-20T15:00:00Z#synthetic|DRAW@2026-01-20T15:00:00Z#synthetic|AWAY@2026-01-20T15:00:00Z#synthetic,2026-01-20T15:00:00Z,410.0,306,4.06,0.24630542,0.234623,multiplicative,0.04979413,0.225613,0.225613,0.0,343,4.43236215,-0.009009,-0.08401,-0.08401,HOME:CONFIRMED(8470595@0.985)|AWAY:PROJECTED(8470639@0.880),G:ceae6463de3bc7d4,UNKNOWN,R:5a6a727e3437a91e,nhl-gs-0.1.0,nhl-feat-0.1.0,PR:22465be539be19fb,LC:67c7cb02a1bcdc94,"[""pull_trailing_by_1_seconds"", ""pull_trailing_by_2_seconds"", ""rate_4v4_mult"", ""rate_6v5_attack"", ""rate_empty_net"", ""rate_pp"", ""rate_sh"", ""score_effect_beta"", ""score_effect_beta_p3""]",bcb139690e46,DS:a077664f0991a2ed,0.9457,BLOCKED,PASS,INELIGIBLE_DEV,"[""HARD_BLOCK:SIMULATED_CLOCK"", ""HARD_BLOCK:STALE_PRICE"", ""HARD_BLOCK:SYNTHETIC_SOURCE""]","[""HARD_BLOCK:SYNTHETIC_SOURCE"", ""HARD_BLOCK:SIMULATED_CLOCK"", ""HARD_BLOCK:STALE_PRICE""]",S:7753dffc1682aed21d2715d3
P:ba385ffbaa611c06688e,artifact-v2,2026-01-20T21:50:00Z,2026-01-20T21:50:00Z,2026-01-20T23:00:00Z,FORWARD,SYNTHETIC,DEV_SYNTHETIC,2025020706,REG_3WAY,REGULATION,AWAY,,,,2025020706:REG_3WAY:AWAY,2025020706:REG_3WAY,synthbook,synthetic,HOME@2026-01-20T15:00:00Z#synthetic|DRAW@2026-01-20T15:00:00Z#synthetic|AWAY@2026-01-20T15:00:00Z#synthetic,2026-01-20T15:00:00Z,410.0,177,2.77,0.36101083,0.343887,multiplicative,0.04979413,0.3372,0.3372,0.0,197,2.96559905,-0.006687,-0.065956,-0.065956,HOME:CONFIRMED(8470595@0.985)|AWAY:PROJECTED(8470639@0.880),G:ceae6463de3bc7d4,UNKNOWN,R:5a6a727e3437a91e,nhl-gs-0.1.0,nhl-feat-0.1.0,PR:22465be539be19fb,LC:67c7cb02a1bcdc94,"[""pull_trailing_by_1_seconds"", ""pull_trailing_by_2_seconds"", ""rate_4v4_mult"", ""rate_6v5_attack"", ""rate_empty_net"", ""rate_pp"", ""rate_sh"", ""score_effect_beta"", ""score_effect_beta_p3""]",bcb139690e46,DS:a077664f0991a2ed,0.9457,BLOCKED,PASS,INELIGIBLE_DEV,"[""HARD_BLOCK:SIMULATED_CLOCK"", ""HARD_BLOCK:STALE_PRICE"", ""HARD_BLOCK:SYNTHETIC_SOURCE""]","[""HARD_BLOCK:SYNTHETIC_SOURCE"", ""HARD_BLOCK:SIMULATED_CLOCK"", ""HARD_BLOCK:STALE_PRICE""]",S:eff6e14db57fdf714b74a901
P:61c4b7e1b2e330d05a20,artifact-v2,2026-01-20T21:50:00Z,2026-01-20T21:50:00Z,2026-01-20T23:00:00Z,FORWARD,SYNTHETIC,DEV_SYNTHETIC,2025020706,TEAM_TOTAL,FULL_GAME,OVER,2.5,DET,,2025020706:TEAM_TOTAL:DET:OVER:+2.5,2025020706:TEAM_TOTAL:DET:+2.5,synthbook,synthetic,OVER@2026-01-20T15:00:00Z#synthetic|UNDER@2026-01-20T15:00:00Z#synthetic,2026-01-20T15:00:00Z,410.0,-216,1.46296296,0.6835443,0.654388,multiplicative,0.04455513,0.651867,0.651867,0.0,-187,1.53405604,-0.002521,-0.046343,-0.046343,HOME:CONFIRMED(8470595@0.985)|AWAY:PROJECTED(8470639@0.880),G:ceae6463de3bc7d4,UNKNOWN,R:5a6a727e3437a91e,nhl-gs-0.1.0,nhl-feat-0.1.0,PR:22465be539be19fb,LC:67c7cb02a1bcdc94,"[""pull_trailing_by_1_seconds"", ""pull_trailing_by_2_seconds"", ""rate_4v4_mult"", ""rate_6v5_attack"", ""rate_empty_net"", ""rate_pp"", ""rate_sh"", ""score_effect_beta"", ""score_effect_beta_p3""]",bcb139690e46,DS:a077664f0991a2ed,0.9457,BLOCKED,PASS,INELIGIBLE_DEV,"[""HARD_BLOCK:SIMULATED_CLOCK"", ""HARD_BLOCK:STALE_PRICE"", ""HARD_BLOCK:SYNTHETIC_SOURCE""]","[""HARD_BLOCK:SYNTHETIC_SOURCE"", ""HARD_BLOCK:SIMULATED_CLOCK"", ""HARD_BLOCK:STALE_PRICE""]",S:24248203518bed87230b1e6e
P:497b7d312cdcb9b438d0,artifact-v2,2026-01-20T21:50:00Z,2026-01-20T21:50:00Z,2026-01-20T23:00:00Z,FORWARD,SYNTHETIC,DEV_SYNTHETIC,2025020706,TEAM_TOTAL,FULL_GAME,UNDER,2.5,DET,,2025020706:TEAM_TOTAL:DET:UNDER:+2.5,2025020706:TEAM_TOTAL:DET:+2.5,synthbook,synthetic,OVER@2026-01-20T15:00:00Z#synthetic|UNDER@2026-01-20T15:00:00Z#synthetic,2026-01-20T15:00:00Z,410.0,177,2.77,0.36101083,0.345612,multiplicative,0.04455513,0.348133,0.348133,0.0,187,2.87246266,0.002521,-0.035671,-0.035671,HOME:CONFIRMED(8470595@0.985)|AWAY:PROJECTED(8470639@0.880),G:ceae6463de3bc7d4,UNKNOWN,R:5a6a727e3437a91e,nhl-gs-0.1.0,nhl-feat-0.1.0,PR:22465be539be19fb,LC:67c7cb02a1bcdc94,"[""pull_trailing_by_1_seconds"", ""pull_trailing_by_2_seconds"", ""rate_4v4_mult"", ""rate_6v5_attack"", ""rate_empty_net"", ""rate_pp"", ""rate_sh"", ""score_effect_beta"", ""score_effect_beta_p3""]",bcb139690e46,DS:a077664f0991a2ed,0.9457,BLOCKED,PASS,INELIGIBLE_DEV,"[""HARD_BLOCK:SIMULATED_CLOCK"", ""HARD_BLOCK:STALE_PRICE"", ""HARD_BLOCK:SYNTHETIC_SOURCE""]","[""HARD_BLOCK:SYNTHETIC_SOURCE"", ""HARD_BLOCK:SIMULATED_CLOCK"", ""HARD_BLOCK:STALE_PRICE""]",S:c7e1b90877a2b26161a4fdaa
P:7db46ba8cff24dbb1f30,artifact-v2,2026-01-20T21:50:00Z,2026-01-20T21:50:00Z,2026-01-20T23:00:00Z,FORWARD,SYNTHETIC,DEV_SYNTHETIC,2025020706,TEAM_TOTAL,FULL_GAME,OVER,2.5,WSH,,2025020706:TEAM_TOTAL:WSH:OVER:+2.5,2025020706:TEAM_TOTAL:WSH:+2.5,synthbook,synthetic,OVER@2026-01-20T15:00:00Z#synthetic|UNDER@2026-01-20T15:00:00Z#synthetic,2026-01-20T15:00:00Z,410.0,-169,1.59171598,0.62825279,0.601245,multiplicative,0.04491945,0.57912,0.57912,0.0,-138,1.72675784,-0.022125,-0.078205,-0.078205,HOME:CONFIRMED(8470595@0.985)|AWAY:PROJECTED(8470639@0.880),G:ceae6463de3bc7d4,UNKNOWN,R:5a6a727e3437a91e,nhl-gs-0.1.0,nhl-feat-0.1.0,PR:22465be539be19fb,LC:67c7cb02a1bcdc94,"[""pull_trailing_by_1_seconds"", ""pull_trailing_by_2_seconds"", ""rate_4v4_mult"", ""rate_6v5_attack"", ""rate_empty_net"", ""rate_pp"", ""rate_sh"", ""score_effect_beta"", ""score_effect_beta_p3""]",bcb139690e46,DS:a077664f0991a2ed,0.9457,BLOCKED,PASS,INELIGIBLE_DEV,"[""HARD_BLOCK:SIMULATED_CLOCK"", ""HARD_BLOCK:STALE_PRICE"", ""HARD_BLOCK:SYNTHETIC_SOURCE""]","[""HARD_BLOCK:SYNTHETIC_SOURCE"", ""HARD_BLOCK:SIMULATED_CLOCK"", ""HARD_BLOCK:STALE_PRICE""]",S:15bdcc2cfaf6d9ffe682863a
P:8e1c2def4350f0c3b987,artifact-v2,2026-01-20T21:50:00Z,2026-01-20T21:50:00Z,2026-01-20T23:00:00Z,FORWARD,SYNTHETIC,DEV_SYNTHETIC,2025020706,TEAM_TOTAL,FULL_GAME,UNDER,2.5,WSH,,2025020706:TEAM_TOTAL:WSH:UNDER:+2.5,2025020706:TEAM_TOTAL:WSH:+2.5,synthbook,synthetic,OVER@2026-01-20T15:00:00Z#synthetic|UNDER@2026-01-20T15:00:00Z#synthetic,2026-01-20T15:00:00Z,410.0,140,2.4,0.41666667,0.398755,multiplicative,0.04491945,0.42088,0.42088,0.0,138,2.37597415,0.022125,0.010112,0.010112,HOME:CONFIRMED(8470595@0.985)|AWAY:PROJECTED(8470639@0.880),G:ceae6463de3bc7d4,UNKNOWN,R:5a6a727e3437a91e,nhl-gs-0.1.0,nhl-feat-0.1.0,PR:22465be539be19fb,LC:67c7cb02a1bcdc94,"[""pull_trailing_by_1_seconds"", ""pull_trailing_by_2_seconds"", ""rate_4v4_mult"", ""rate_6v5_attack"", ""rate_empty_net"", ""rate_pp"", ""rate_sh"", ""score_effect_beta"", ""score_effect_beta_p3""]",bcb139690e46,DS:a077664f0991a2ed,0.9457,BLOCKED,PASS,INELIGIBLE_DEV,"[""HARD_BLOCK:SIMULATED_CLOCK"", ""HARD_BLOCK:STALE_PRICE"", ""HARD_BLOCK:SYNTHETIC_SOURCE""]","[""HARD_BLOCK:SYNTHETIC_SOURCE"", ""HARD_BLOCK:SIMULATED_CLOCK"", ""HARD_BLOCK:STALE_PRICE""]",S:570bbc4694f847ae5f8c858f
P:5e7b73c717ad210fd582,artifact-v2,2026-01-20T21:50:00Z,2026-01-20T21:50:00Z,2026-01-20T23:00:00Z,FORWARD,SYNTHETIC,DEV_SYNTHETIC,2025020706,TOTAL,FULL_GAME,OVER,6.5,,,2025020706:TOTAL:OVER:+6.5,2025020706:TOTAL:+6.5,synthbook,synthetic,OVER@2026-01-20T15:00:00Z#synthetic|UNDER@2026-01-20T15:00:00Z#synthetic,2026-01-20T15:00:00Z,410.0,-115,1.86956522,0.53488372,0.512003,multiplicative,0.04468764,0.456893,0.456893,0.0,119,2.18869466,-0.05511,-0.145808,-0.145808,HOME:CONFIRMED(8470595@0.985)|AWAY:PROJECTED(8470639@0.880),G:ceae6463de3bc7d4,UNKNOWN,R:5a6a727e3437a91e,nhl-gs-0.1.0,nhl-feat-0.1.0,PR:22465be539be19fb,LC:67c7cb02a1bcdc94,"[""pull_trailing_by_1_seconds"", ""pull_trailing_by_2_seconds"", ""rate_4v4_mult"", ""rate_6v5_attack"", ""rate_empty_net"", ""rate_pp"", ""rate_sh"", ""score_effect_beta"", ""score_effect_beta_p3""]",bcb139690e46,DS:a077664f0991a2ed,0.9457,BLOCKED,PASS,INELIGIBLE_DEV,"[""HARD_BLOCK:SIMULATED_CLOCK"", ""HARD_BLOCK:STALE_PRICE"", ""HARD_BLOCK:SYNTHETIC_SOURCE""]","[""HARD_BLOCK:SYNTHETIC_SOURCE"", ""HARD_BLOCK:SIMULATED_CLOCK"", ""HARD_BLOCK:STALE_PRICE""]",S:959bae6955b48803f02e7e51
P:22d864cdd2e3edef321f,artifact-v2,2026-01-20T21:50:00Z,2026-01-20T21:50:00Z,2026-01-20T23:00:00Z,FORWARD,SYNTHETIC,DEV_SYNTHETIC,2025020706,TOTAL,FULL_GAME,UNDER,6.5,,,2025020706:TOTAL:UNDER:+6.5,2025020706:TOTAL:+6.5,synthbook,synthetic,OVER@2026-01-20T15:00:00Z#synthetic|UNDER@2026-01-20T15:00:00Z#synthetic,2026-01-20T15:00:00Z,410.0,-104,1.96153846,0.50980392,0.487997,multiplicative,0.04468764,0.543107,0.543107,0.0,-119,1.84125893,0.05511,0.065325,0.065325,HOME:CONFIRMED(8470595@0.985)|AWAY:PROJECTED(8470639@0.880),G:ceae6463de3bc7d4,UNKNOWN,R:5a6a727e3437a91e,nhl-gs-0.1.0,nhl-feat-0.1.0,PR:22465be539be19fb,LC:67c7cb02a1bcdc94,"[""pull_trailing_by_1_seconds"", ""pull_trailing_by_2_seconds"", ""rate_4v4_mult"", ""rate_6v5_attack"", ""rate_empty_net"", ""rate_pp"", ""rate_sh"", ""score_effect_beta"", ""score_effect_beta_p3""]",bcb139690e46,DS:a077664f0991a2ed,0.9457,BLOCKED,MODEL_PLUS,INELIGIBLE_DEV,"[""HARD_BLOCK:SIMULATED_CLOCK"", ""HARD_BLOCK:STALE_PRICE"", ""HARD_BLOCK:SYNTHETIC_SOURCE""]","[""HARD_BLOCK:SYNTHETIC_SOURCE"", ""HARD_BLOCK:SIMULATED_CLOCK"", ""HARD_BLOCK:STALE_PRICE""]",S:09300ca5a1a85f9c649a1bbe
P:e251ec3f847130e2338a,artifact-v2,2026-01-20T22:20:00Z,2026-01-20T22:20:00Z,2026-01-21T02:00:00Z,FORWARD,SYNTHETIC,DEV_SYNTHETIC,2025020702,ML,FULL_GAME,HOME,,,,2025020702:ML:HOME,2025020702:ML,synthbook,synthetic,HOME@2026-01-20T18:00:00Z#synthetic|AWAY@2026-01-20T18:00:00Z#synthetic,2026-01-20T18:00:00Z,260.0,-101,1.99009901,0.50248756,0.480451,multiplicative,0.04586656,0.511817,0.511817,0.0,-105,1.95382358,0.031366,0.018566,0.018566,HOME:UNKNOWN(8470591@0.549)|AWAY:UNKNOWN(8470615@1.000),G:aa20da8698cbd4ea,UNKNOWN,R:e54fff69cafca356,nhl-gs-0.1.0,nhl-feat-0.1.0,PR:22465be539be19fb,LC:67c7cb02a1bcdc94,"[""pull_trailing_by_1_seconds"", ""pull_trailing_by_2_seconds"", ""rate_4v4_mult"", ""rate_6v5_attack"", ""rate_empty_net"", ""rate_pp"", ""rate_sh"", ""score_effect_beta"", ""score_effect_beta_p3""]",bcb139690e46,DS:e8ae8fea03e2606e,0.9674,BLOCKED,WATCH,INELIGIBLE_DEV,"[""HARD_BLOCK:SIMULATED_CLOCK"", ""HARD_BLOCK:STALE_PRICE"", ""HARD_BLOCK:SYNTHETIC_SOURCE""]","[""HARD_BLOCK:SYNTHETIC_SOURCE"", ""HARD_BLOCK:SIMULATED_CLOCK"", ""HARD_BLOCK:STALE_PRICE"", ""SOFT:AWAY:GOALIE_SCRATCHED:8470616""]",S:6956dc18c9f8c077666c608f
P:dd383f81aba21138e101,artifact-v2,2026-01-20T22:20:00Z,2026-01-20T22:20:00Z,2026-01-21T02:00:00Z,FORWARD,SYNTHETIC,DEV_SYNTHETIC,2025020702,ML,FULL_GAME,AWAY,,,,2025020702:ML:AWAY,2025020702:ML,synthbook,synthetic,HOME@2026-01-20T18:00:00Z#synthetic|AWAY@2026-01-20T18:00:00Z#synthetic,2026-01-20T18:00:00Z,260.0,-119,1.84033613,0.543379,0.519549,multiplicative,0.04586656,0.488183,0.488183,0.0,105,2.04841191,-0.031366,-0.101579,-0.101579,HOME:UNKNOWN(8470591@0.549)|AWAY:UNKNOWN(8470615@1.000),G:aa20da8698cbd4ea,UNKNOWN,R:e54fff69cafca356,nhl-gs-0.1.0,nhl-feat-0.1.0,PR:22465be539be19fb,LC:67c7cb02a1bcdc94,"[""pull_trailing_by_1_seconds"", ""pull_trailing_by_2_seconds"", ""rate_4v4_mult"", ""rate_6v5_attack"", ""rate_empty_net"", ""rate_pp"", ""rate_sh"", ""score_effect_beta"", ""score_effect_beta_p3""]",bcb139690e46,DS:e8ae8fea03e2606e,0.9674,BLOCKED,PASS,INELIGIBLE_DEV,"[""HARD_BLOCK:SIMULATED_CLOCK"", ""HARD_BLOCK:STALE_PRICE"", ""HARD_BLOCK:SYNTHETIC_SOURCE""]","[""HARD_BLOCK:SYNTHETIC_SOURCE"", ""HARD_BLOCK:SIMULATED_CLOCK"", ""HARD_BLOCK:STALE_PRICE"", ""SOFT:AWAY:GOALIE_SCRATCHED:8470616""]",S:ea8bc98e8b05d6aae7babf67
P:7ba8839786e1eb6aafe0,artifact-v2,2026-01-20T22:20:00Z,2026-01-20T22:20:00Z,2026-01-21T02:00:00Z,FORWARD,SYNTHETIC,DEV_SYNTHETIC,2025020702,PUCK_LINE,FULL_GAME,HOME,-1.5,,,2025020702:PUCK_LINE:HOME:-1.5,2025020702:PUCK_LINE:-1.5,synthbook,synthetic,HOME@2026-01-20T18:00:00Z#synthetic|AWAY@2026-01-20T18:00:00Z#synthetic,2026-01-20T18:00:00Z,260.0,240,3.4,0.29411765,0.281522,multiplicative,0.04474109,0.28,0.28,0.0,257,3.57142857,-0.001522,-0.048,-0.048,HOME:UNKNOWN(8470591@0.549)|AWAY:UNKNOWN(8470615@1.000),G:aa20da8698cbd4ea,UNKNOWN,R:e54fff69cafca356,nhl-gs-0.1.0,nhl-feat-0.1.0,PR:22465be539be19fb,LC:67c7cb02a1bcdc94,"[""pull_trailing_by_1_seconds"", ""pull_trailing_by_2_seconds"", ""rate_4v4_mult"", ""rate_6v5_attack"", ""rate_empty_net"", ""rate_pp"", ""rate_sh"", ""score_effect_beta"", ""score_effect_beta_p3""]",bcb139690e46,DS:e8ae8fea03e2606e,0.9674,BLOCKED,PASS,INELIGIBLE_DEV,"[""HARD_BLOCK:SIMULATED_CLOCK"", ""HARD_BLOCK:STALE_PRICE"", ""HARD_BLOCK:SYNTHETIC_SOURCE""]","[""HARD_BLOCK:SYNTHETIC_SOURCE"", ""HARD_BLOCK:SIMULATED_CLOCK"", ""HARD_BLOCK:STALE_PRICE"", ""SOFT:AWAY:GOALIE_SCRATCHED:8470616""]",S:d9071f320ce64fdd2b2cf837
P:06ea20789082df18e802,artifact-v2,2026-01-20T22:20:00Z,2026-01-20T22:20:00Z,2026-01-21T02:00:00Z,FORWARD,SYNTHETIC,DEV_SYNTHETIC,2025020702,PUCK_LINE,FULL_GAME,AWAY,1.5,,,2025020702:PUCK_LINE:AWAY:+1.5,2025020702:PUCK_LINE:-1.5,synthbook,synthetic,HOME@2026-01-20T18:00:00Z#synthetic|AWAY@2026-01-20T18:00:00Z#synthetic,2026-01-20T18:00:00Z,260.0,-301,1.33222591,0.75062344,0.718478,multiplicative,0.04474109,0.72,0.72,0.0,-257,1.38888889,0.001522,-0.040797,-0.040797,HOME:UNKNOWN(8470591@0.549)|AWAY:UNKNOWN(8470615@1.000),G:aa20da8698cbd4ea,UNKNOWN,R:e54fff69cafca356,nhl-gs-0.1.0,nhl-feat-0.1.0,PR:22465be539be19fb,LC:67c7cb02a1bcdc94,"[""pull_trailing_by_1_seconds"", ""pull_trailing_by_2_seconds"", ""rate_4v4_mult"", ""rate_6v5_attack"", ""rate_empty_net"", ""rate_pp"", ""rate_sh"", ""score_effect_beta"", ""score_effect_beta_p3""]",bcb139690e46,DS:e8ae8fea03e2606e,0.9674,BLOCKED,PASS,INELIGIBLE_DEV,"[""HARD_BLOCK:SIMULATED_CLOCK"", ""HARD_BLOCK:STALE_PRICE"", ""HARD_BLOCK:SYNTHETIC_SOURCE""]","[""HARD_BLOCK:SYNTHETIC_SOURCE"", ""HARD_BLOCK:SIMULATED_CLOCK"", ""HARD_BLOCK:STALE_PRICE"", ""SOFT:AWAY:GOALIE_SCRATCHED:8470616""]",S:29e01408b5f0cceb752431f9
P:a28e99df7d7be6865be1,artifact-v2,2026-01-20T22:20:00Z,2026-01-20T22:20:00Z,2026-01-21T02:00:00Z,FORWARD,SYNTHETIC,DEV_SYNTHETIC,2025020702,REG_3WAY,REGULATION,HOME,,,,2025020702:REG_3WAY:HOME,2025020702:REG_3WAY,synthbook,synthetic,HOME@2026-01-20T18:00:00Z#synthetic|DRAW@2026-01-20T18:00:00Z#synthetic|AWAY@2026-01-20T18:00:00Z#synthetic,2026-01-20T18:00:00Z,260.0,165,2.65,0.37735849,0.359364,multiplicative,0.05007202,0.39985,0.39985,0.0,150,2.50093954,0.040485,0.059602,0.059602,HOME:UNKNOWN(8470591@0.549)|AWAY:UNKNOWN(8470615@1.000),G:aa20da8698cbd4ea,UNKNOWN,R:e54fff69cafca356,nhl-gs-0.1.0,nhl-feat-0.1.0,PR:22465be539be19fb,LC:67c7cb02a1bcdc94,"[""pull_trailing_by_1_seconds"", ""pull_trailing_by_2_seconds"", ""rate_4v4_mult"", ""rate_6v5_attack"", ""rate_empty_net"", ""rate_pp"", ""rate_sh"", ""score_effect_beta"", ""score_effect_beta_p3""]",bcb139690e46,DS:e8ae8fea03e2606e,0.9674,BLOCKED,MODEL_PLUS,INELIGIBLE_DEV,"[""HARD_BLOCK:SIMULATED_CLOCK"", ""HARD_BLOCK:STALE_PRICE"", ""HARD_BLOCK:SYNTHETIC_SOURCE""]","[""HARD_BLOCK:SYNTHETIC_SOURCE"", ""HARD_BLOCK:SIMULATED_CLOCK"", ""HARD_BLOCK:STALE_PRICE"", ""SOFT:AWAY:GOALIE_SCRATCHED:8470616""]",S:d6925677d922cbdcd77d0389
P:59d9aa59acb8436ceb42,artifact-v2,2026-01-20T22:20:00Z,2026-01-20T22:20:00Z,2026-01-21T02:00:00Z,FORWARD,SYNTHETIC,DEV_SYNTHETIC,2025020702,REG_3WAY,REGULATION,DRAW,,,,2025020702:REG_3WAY:DRAW,2025020702:REG_3WAY,synthbook,synthetic,HOME@2026-01-20T18:00:00Z#synthetic|DRAW@2026-01-20T18:00:00Z#synthetic|AWAY@2026-01-20T18:00:00Z#synthetic,2026-01-20T18:00:00Z,260.0,278,3.78,0.26455026,0.251935,multiplicative,0.05007202,0.236301,0.236301,0.0,323,4.23189893,-0.015635,-0.106784,-0.106784,HOME:UNKNOWN(8470591@0.549)|AWAY:UNKNOWN(8470615@1.000),G:aa20da8698cbd4ea,UNKNOWN,R:e54fff69cafca356,nhl-gs-0.1.0,nhl-feat-0.1.0,PR:22465be539be19fb,LC:67c7cb02a1bcdc94,"[""pull_trailing_by_1_seconds"", ""pull_trailing_by_2_seconds"", ""rate_4v4_mult"", ""rate_6v5_attack"", ""rate_empty_net"", ""rate_pp"", ""rate_sh"", ""score_effect_beta"", ""score_effect_beta_p3""]",bcb139690e46,DS:e8ae8fea03e2606e,0.9674,BLOCKED,PASS,INELIGIBLE_DEV,"[""HARD_BLOCK:SIMULATED_CLOCK"", ""HARD_BLOCK:STALE_PRICE"", ""HARD_BLOCK:SYNTHETIC_SOURCE""]","[""HARD_BLOCK:SYNTHETIC_SOURCE"", ""HARD_BLOCK:SIMULATED_CLOCK"", ""HARD_BLOCK:STALE_PRICE"", ""SOFT:AWAY:GOALIE_SCRATCHED:8470616""]",S:3a3db53ff0dcfd13465f9e21
P:d75cbedc90d30086e3ca,artifact-v2,2026-01-20T22:20:00Z,2026-01-20T22:20:00Z,2026-01-21T02:00:00Z,FORWARD,SYNTHETIC,DEV_SYNTHETIC,2025020702,REG_3WAY,REGULATION,AWAY,,,,2025020702:REG_3WAY:AWAY,2025020702:REG_3WAY,synthbook,synthetic,HOME@2026-01-20T18:00:00Z#synthetic|DRAW@2026-01-20T18:00:00Z#synthetic|AWAY@2026-01-20T18:00:00Z#synthetic,2026-01-20T18:00:00Z,260.0,145,2.45,0.40816327,0.3887,multiplicative,0.05007202,0.36385,0.36385,0.0,175,2.74838736,-0.024851,-0.108568,-0.108568,HOME:UNKNOWN(8470591@0.549)|AWAY:UNKNOWN(8470615@1.000),G:aa20da8698cbd4ea,UNKNOWN,R:e54fff69cafca356,nhl-gs-0.1.0,nhl-feat-0.1.0,PR:22465be539be19fb,LC:67c7cb02a1bcdc94,"[""pull_trailing_by_1_seconds"", ""pull_trailing_by_2_seconds"", ""rate_4v4_mult"", ""rate_6v5_attack"", ""rate_empty_net"", ""rate_pp"", ""rate_sh"", ""score_effect_beta"", ""score_effect_beta_p3""]",bcb139690e46,DS:e8ae8fea03e2606e,0.9674,BLOCKED,PASS,INELIGIBLE_DEV,"[""HARD_BLOCK:SIMULATED_CLOCK"", ""HARD_BLOCK:STALE_PRICE"", ""HARD_BLOCK:SYNTHETIC_SOURCE""]","[""HARD_BLOCK:SYNTHETIC_SOURCE"", ""HARD_BLOCK:SIMULATED_CLOCK"", ""HARD_BLOCK:STALE_PRICE"", ""SOFT:AWAY:GOALIE_SCRATCHED:8470616""]",S:5db1984e4397225e25334a31
P:06728801aa79076997da,artifact-v2,2026-01-20T22:20:00Z,2026-01-20T22:20:00Z,2026-01-21T02:00:00Z,FORWARD,SYNTHETIC,DEV_SYNTHETIC,2025020702,TEAM_TOTAL,FULL_GAME,OVER,2.5,COL,,2025020702:TEAM_TOTAL:COL:OVER:+2.5,2025020702:TEAM_TOTAL:COL:+2.5,synthbook,synthetic,OVER@2026-01-20T18:00:00Z#synthetic|UNDER@2026-01-20T18:00:00Z#synthetic,2026-01-20T18:00:00Z,260.0,-247,1.4048583,0.71181556,0.681066,multiplicative,0.0451489,0.661667,0.661667,0.0,-196,1.51133501,-0.0194,-0.070452,-0.070452,HOME:UNKNOWN(8470591@0.549)|AWAY:UNKNOWN(8470615@1.000),G:aa20da8698cbd4ea,UNKNOWN,R:e54fff69cafca356,nhl-gs-0.1.0,nhl-feat-0.1.0,PR:22465be539be19fb,LC:67c7cb02a1bcdc94,"[""pull_trailing_by_1_seconds"", ""pull_trailing_by_2_seconds"", ""rate_4v4_mult"", ""rate_6v5_attack"", ""rate_empty_net"", ""rate_pp"", ""rate_sh"", ""score_effect_beta"", ""score_effect_beta_p3""]",bcb139690e46,DS:e8ae8fea03e2606e,0.9674,BLOCKED,PASS,INELIGIBLE_DEV,"[""HARD_BLOCK:SIMULATED_CLOCK"", ""HARD_BLOCK:STALE_PRICE"", ""HARD_BLOCK:SYNTHETIC_SOURCE""]","[""HARD_BLOCK:SYNTHETIC_SOURCE"", ""HARD_BLOCK:SIMULATED_CLOCK"", ""HARD_BLOCK:STALE_PRICE"", ""SOFT:AWAY:GOALIE_SCRATCHED:8470616""]",S:c67b6aa6e0a875833df847e2
P:85133784be19618f4bff,artifact-v2,2026-01-20T22:20:00Z,2026-01-20T22:20:00Z,2026-01-21T02:00:00Z,FORWARD,SYNTHETIC,DEV_SYNTHETIC,2025020702,TEAM_TOTAL,FULL_GAME,UNDER,2.5,COL,,2025020702:TEAM_TOTAL:COL:UNDER:+2.5,2025020702:TEAM_TOTAL:COL:+2.5,synthbook,synthetic,OVER@2026-01-20T18:00:00Z#synthetic|UNDER@2026-01-20T18:00:00Z#synthetic,2026-01-20T18:00:00Z,260.0,200,3.0,0.33333333,0.318934,multiplicative,0.0451489,0.338333,0.338333,0.0,196,2.95566502,0.0194,0.015,0.015,HOME:UNKNOWN(8470591@0.549)|AWAY:UNKNOWN(8470615@1.000),G:aa20da8698cbd4ea,UNKNOWN,R:e54fff69cafca356,nhl-gs-0.1.0,nhl-feat-0.1.0,PR:22465be539be19fb,LC:67c7cb02a1bcdc94,"[""pull_trailing_by_1_seconds"", ""pull_trailing_by_2_seconds"", ""rate_4v4_mult"", ""rate_6v5_attack"", ""rate_empty_net"", ""rate_pp"", ""rate_sh"", ""score_effect_beta"", ""score_effect_beta_p3""]",bcb139690e46,DS:e8ae8fea03e2606e,0.9674,BLOCKED,PASS,INELIGIBLE_DEV,"[""HARD_BLOCK:SIMULATED_CLOCK"", ""HARD_BLOCK:STALE_PRICE"", ""HARD_BLOCK:SYNTHETIC_SOURCE""]","[""HARD_BLOCK:SYNTHETIC_SOURCE"", ""HARD_BLOCK:SIMULATED_CLOCK"", ""HARD_BLOCK:STALE_PRICE"", ""SOFT:AWAY:GOALIE_SCRATCHED:8470616""]",S:96139543a8171d574e5ed04f
P:23a70e80fc4c42c09331,artifact-v2,2026-01-20T22:20:00Z,2026-01-20T22:20:00Z,2026-01-21T02:00:00Z,FORWARD,SYNTHETIC,DEV_SYNTHETIC,2025020702,TEAM_TOTAL,FULL_GAME,OVER,2.5,OTT,,2025020702:TEAM_TOTAL:OTT:OVER:+2.5,2025020702:TEAM_TOTAL:OTT:+2.5,synthbook,synthetic,OVER@2026-01-20T18:00:00Z#synthetic|UNDER@2026-01-20T18:00:00Z#synthetic,2026-01-20T18:00:00Z,260.0,-213,1.46948357,0.68051118,0.650911,multiplicative,0.04547469,0.662667,0.662667,0.0,-196,1.50905433,0.011755,-0.026222,-0.026222,HOME:UNKNOWN(8470591@0.549)|AWAY:UNKNOWN(8470615@1.000),G:aa20da8698cbd4ea,UNKNOWN,R:e54fff69cafca356,nhl-gs-0.1.0,nhl-feat-0.1.0,PR:22465be539be19fb,LC:67c7cb02a1bcdc94,"[""pull_trailing_by_1_seconds"", ""pull_trailing_by_2_seconds"", ""rate_4v4_mult"", ""rate_6v5_attack"", ""rate_empty_net"", ""rate_pp"", ""rate_sh"", ""score_effect_beta"", ""score_effect_beta_p3""]",bcb139690e46,DS:e8ae8fea03e2606e,0.9674,BLOCKED,PASS,INELIGIBLE_DEV,"[""HARD_BLOCK:SIMULATED_CLOCK"", ""HARD_BLOCK:STALE_PRICE"", ""HARD_BLOCK:SYNTHETIC_SOURCE""]","[""HARD_BLOCK:SYNTHETIC_SOURCE"", ""HARD_BLOCK:SIMULATED_CLOCK"", ""HARD_BLOCK:STALE_PRICE"", ""SOFT:AWAY:GOALIE_SCRATCHED:8470616""]",S:09ded098a192be7ca0f15857
P:833c6a3d98d5bda13619,artifact-v2,2026-01-20T22:20:00Z,2026-01-20T22:20:00Z,2026-01-21T02:00:00Z,FORWARD,SYNTHETIC,DEV_SYNTHETIC,2025020702,TEAM_TOTAL,FULL_GAME,UNDER,2.5,OTT,,2025020702:TEAM_TOTAL:OTT:UNDER:+2.5,2025020702:TEAM_TOTAL:OTT:+2.5,synthbook,synthetic,OVER@2026-01-20T18:00:00Z#synthetic|UNDER@2026-01-20T18:00:00Z#synthetic,2026-01-20T18:00:00Z,260.0,174,2.74,0.3649635,0.349089,multiplicative,0.04547469,0.337333,0.337333,0.0,196,2.96442688,-0.011755,-0.075707,-0.075707,HOME:UNKNOWN(8470591@0.549)|AWAY:UNKNOWN(8470615@1.000),G:aa20da8698cbd4ea,UNKNOWN,R:e54fff69cafca356,nhl-gs-0.1.0,nhl-feat-0.1.0,PR:22465be539be19fb,LC:67c7cb02a1bcdc94,"[""pull_trailing_by_1_seconds"", ""pull_trailing_by_2_seconds"", ""rate_4v4_mult"", ""rate_6v5_attack"", ""rate_empty_net"", ""rate_pp"", ""rate_sh"", ""score_effect_beta"", ""score_effect_beta_p3""]",bcb139690e46,DS:e8ae8fea03e2606e,0.9674,BLOCKED,PASS,INELIGIBLE_DEV,"[""HARD_BLOCK:SIMULATED_CLOCK"", ""HARD_BLOCK:STALE_PRICE"", ""HARD_BLOCK:SYNTHETIC_SOURCE""]","[""HARD_BLOCK:SYNTHETIC_SOURCE"", ""HARD_BLOCK:SIMULATED_CLOCK"", ""HARD_BLOCK:STALE_PRICE"", ""SOFT:AWAY:GOALIE_SCRATCHED:8470616""]",S:b1de9c7a43ef18deb6739840
P:295766fae22f719912a8,artifact-v2,2026-01-20T22:20:00Z,2026-01-20T22:20:00Z,2026-01-21T02:00:00Z,FORWARD,SYNTHETIC,DEV_SYNTHETIC,2025020702,TOTAL,FULL_GAME,OVER,6.5,,,2025020702:TOTAL:OVER:+6.5,2025020702:TOTAL:+6.5,synthbook,synthetic,OVER@2026-01-20T18:00:00Z#synthetic|UNDER@2026-01-20T18:00:00Z#synthetic,2026-01-20T18:00:00Z,260.0,110,2.1,0.47619048,0.455617,multiplicative,0.04515599,0.522549,0.522549,0.0,-109,1.91369543,0.066933,0.097353,0.097353,HOME:UNKNOWN(8470591@0.549)|AWAY:UNKNOWN(8470615@1.000),G:aa20da8698cbd4ea,UNKNOWN,R:e54fff69cafca356,nhl-gs-0.1.0,nhl-feat-0.1.0,PR:22465be539be19fb,LC:67c7cb02a1bcdc94,"[""pull_trailing_by_1_seconds"", ""pull_trailing_by_2_seconds"", ""rate_4v4_mult"", ""rate_6v5_attack"", ""rate_empty_net"", ""rate_pp"", ""rate_sh"", ""score_effect_beta"", ""score_effect_beta_p3""]",bcb139690e46,DS:e8ae8fea03e2606e,0.9674,BLOCKED,MODEL_PLUS,INELIGIBLE_DEV,"[""HARD_BLOCK:SIMULATED_CLOCK"", ""HARD_BLOCK:STALE_PRICE"", ""HARD_BLOCK:SYNTHETIC_SOURCE""]","[""HARD_BLOCK:SYNTHETIC_SOURCE"", ""HARD_BLOCK:SIMULATED_CLOCK"", ""HARD_BLOCK:STALE_PRICE"", ""SOFT:AWAY:GOALIE_SCRATCHED:8470616""]",S:c24e51b954a03a6c5feb3d44
P:49098499b9edd1a4e5b9,artifact-v2,2026-01-20T22:20:00Z,2026-01-20T22:20:00Z,2026-01-21T02:00:00Z,FORWARD,SYNTHETIC,DEV_SYNTHETIC,2025020702,TOTAL,FULL_GAME,UNDER,6.5,,,2025020702:TOTAL:UNDER:+6.5,2025020702:TOTAL:+6.5,synthbook,synthetic,OVER@2026-01-20T18:00:00Z#synthetic|UNDER@2026-01-20T18:00:00Z#synthetic,2026-01-20T18:00:00Z,260.0,-132,1.75757576,0.56896552,0.544383,multiplicative,0.04515599,0.477451,0.477451,0.0,109,2.0944566,-0.066933,-0.160844,-0.160844,HOME:UNKNOWN(8470591@0.549)|AWAY:UNKNOWN(8470615@1.000),G:aa20da8698cbd4ea,UNKNOWN,R:e54fff69cafca356,nhl-gs-0.1.0,nhl-feat-0.1.0,PR:22465be539be19fb,LC:67c7cb02a1bcdc94,"[""pull_trailing_by_1_seconds"", ""pull_trailing_by_2_seconds"", ""rate_4v4_mult"", ""rate_6v5_attack"", ""rate_empty_net"", ""rate_pp"", ""rate_sh"", ""score_effect_beta"", ""score_effect_beta_p3""]",bcb139690e46,DS:e8ae8fea03e2606e,0.9674,BLOCKED,PASS,INELIGIBLE_DEV,"[""HARD_BLOCK:SIMULATED_CLOCK"", ""HARD_BLOCK:STALE_PRICE"", ""HARD_BLOCK:SYNTHETIC_SOURCE""]","[""HARD_BLOCK:SYNTHETIC_SOURCE"", ""HARD_BLOCK:SIMULATED_CLOCK"", ""HARD_BLOCK:STALE_PRICE"", ""SOFT:AWAY:GOALIE_SCRATCHED:8470616""]",S:99a18b3255093b6380b94b83
P:5a89de4f097584d9eb4d,artifact-v2,2026-01-20T22:20:00Z,2026-01-20T22:20:00Z,2026-01-20T23:00:00Z,FORWARD,SYNTHETIC,DEV_SYNTHETIC,2025020705,ML,FULL_GAME,HOME,,,,2025020705:ML:HOME,2025020705:ML,synthbook,synthetic,HOME@2026-01-20T22:00:00Z#synthetic|AWAY@2026-01-20T22:00:00Z#synthetic,2026-01-20T22:00:00Z,20.0,-107,1.93457944,0.51690821,0.49455,multiplicative,0.0452101,0.521472,0.521472,0.0,-109,1.91764728,0.026923,0.00883,0.00883,HOME:UNKNOWN(8470610@0.717)|AWAY:CONFIRMED(8470582@0.985),G:e91649762ada053c,UNKNOWN,R:5ed08c0c3522d82f,nhl-gs-0.1.0,nhl-feat-0.1.0,PR:22465be539be19fb,LC:67c7cb02a1bcdc94,"[""pull_trailing_by_1_seconds"", ""pull_trailing_by_2_seconds"", ""rate_4v4_mult"", ""rate_6v5_attack"", ""rate_empty_net"", ""rate_pp"", ""rate_sh"", ""score_effect_beta"", ""score_effect_beta_p3""]",bcb139690e46,DS:e8ae8fea03e2606e,0.9674,BLOCKED,WATCH,INELIGIBLE_DEV,"[""HARD_BLOCK:SIMULATED_CLOCK"", ""HARD_BLOCK:SYNTHETIC_SOURCE""]","[""HARD_BLOCK:SYNTHETIC_SOURCE"", ""HARD_BLOCK:SIMULATED_CLOCK""]",S:e2fe1b7d122c4752999cdb64
P:1a58676ccdaf2476d83e,artifact-v2,2026-01-20T22:20:00Z,2026-01-20T22:20:00Z,2026-01-20T23:00:00Z,FORWARD,SYNTHETIC,DEV_SYNTHETIC,2025020705,ML,FULL_GAME,AWAY,,,,2025020705:ML:AWAY,2025020705:ML,synthbook,synthetic,HOME@2026-01-20T22:00:00Z#synthetic|AWAY@2026-01-20T22:00:00Z#synthetic,2026-01-20T22:00:00Z,20.0,-112,1.89285714,0.52830189,0.50545,multiplicative,0.0452101,0.478528,0.478528,0.0,109,2.08974332,-0.026923,-0.094215,-0.094215,HOME:UNKNOWN(8470610@0.717)|AWAY:CONFIRMED(8470582@0.985),G:e91649762ada053c,UNKNOWN,R:5ed08c0c3522d82f,nhl-gs-0.1.0,nhl-feat-0.1.0,PR:22465be539be19fb,LC:67c7cb02a1bcdc94,"[""pull_trailing_by_1_seconds"", ""pull_trailing_by_2_seconds"", ""rate_4v4_mult"", ""rate_6v5_attack"", ""rate_empty_net"", ""rate_pp"", ""rate_sh"", ""score_effect_beta"", ""score_effect_beta_p3""]",bcb139690e46,DS:e8ae8fea03e2606e,0.9674,BLOCKED,PASS,INELIGIBLE_DEV,"[""HARD_BLOCK:SIMULATED_CLOCK"", ""HARD_BLOCK:SYNTHETIC_SOURCE""]","[""HARD_BLOCK:SYNTHETIC_SOURCE"", ""HARD_BLOCK:SIMULATED_CLOCK""]",S:49cb0cdafb99830c9728fec9
P:534f2dd68a27978cb683,artifact-v2,2026-01-20T22:20:00Z,2026-01-20T22:20:00Z,2026-01-20T23:00:00Z,FORWARD,SYNTHETIC,DEV_SYNTHETIC,2025020705,PUCK_LINE,FULL_GAME,HOME,1.5,,,2025020705:PUCK_LINE:HOME:+1.5,2025020705:PUCK_LINE:+1.5,synthbook,synthetic,HOME@2026-01-20T22:00:00Z#synthetic|AWAY@2026-01-20T22:00:00Z#synthetic,2026-01-20T22:00:00Z,20.0,-344,1.29069767,0.77477477,0.741379,multiplicative,0.04504505,0.740309,0.740309,0.0,-285,1.35078797,-0.001071,-0.044485,-0.044485,HOME:UNKNOWN(8470610@0.717)|AWAY:CONFIRMED(8470582@0.985),G:e91649762ada053c,UNKNOWN,R:5ed08c0c3522d82f,nhl-gs-0.1.0,nhl-feat-0.1.0,PR:22465be539be19fb,LC:67c7cb02a1bcdc94,"[""pull_trailing_by_1_seconds"", ""pull_trailing_by_2_seconds"", ""rate_4v4_mult"", ""rate_6v5_attack"", ""rate_empty_net"", ""rate_pp"", ""rate_sh"", ""score_effect_beta"", ""score_effect_beta_p3""]",bcb139690e46,DS:e8ae8fea03e2606e,0.9674,BLOCKED,PASS,INELIGIBLE_DEV,"[""HARD_BLOCK:SIMULATED_CLOCK"", ""HARD_BLOCK:SYNTHETIC_SOURCE""]","[""HARD_BLOCK:SYNTHETIC_SOURCE"", ""HARD_BLOCK:SIMULATED_CLOCK""]",S:b2159f1ce1014ff14c6e90d6
P:c08043c4e95c58e4aa58,artifact-v2,2026-01-20T22:20:00Z,2026-01-20T22:20:00Z,2026-01-20T23:00:00Z,FORWARD,SYNTHETIC,DEV_SYNTHETIC,2025020705,PUCK_LINE,FULL_GAME,AWAY,-1.5,,,2025020705:PUCK_LINE:AWAY:-1.5,2025020705:PUCK_LINE:+1.5,synthbook,synthetic,HOME@2026-01-20T22:00:00Z#synthetic|AWAY@2026-01-20T22:00:00Z#synthetic,2026-01-20T22:00:00Z,20.0,270,3.7,0.27027027,0.258621,multiplicative,0.04504505,0.259691,0.259691,0.0,285,3.85072493,0.001071,-0.039142,-0.039142,HOME:UNKNOWN(8470610@0.717)|AWAY:CONFIRMED(8470582@0.985),G:e91649762ada053c,UNKNOWN,R:5ed08c0c3522d82f,nhl-gs-0.1.0,nhl-feat-0.1.0,PR:22465be539be19fb,LC:67c7cb02a1bcdc94,"[""pull_trailing_by_1_seconds"", ""pull_trailing_by_2_seconds"", ""rate_4v4_mult"", ""rate_6v5_attack"", ""rate_empty_net"", ""rate_pp"", ""rate_sh"", ""score_effect_beta"", ""score_effect_beta_p3""]",bcb139690e46,DS:e8ae8fea03e2606e,0.9674,BLOCKED,PASS,INELIGIBLE_DEV,"[""HARD_BLOCK:SIMULATED_CLOCK"", ""HARD_BLOCK:SYNTHETIC_SOURCE""]","[""HARD_BLOCK:SYNTHETIC_SOURCE"", ""HARD_BLOCK:SIMULATED_CLOCK""]",S:7b83bc58025705440e458877
P:8a65a8f012709a81e7c6,artifact-v2,2026-01-20T22:20:00Z,2026-01-20T22:20:00Z,2026-01-20T23:00:00Z,FORWARD,SYNTHETIC,DEV_SYNTHETIC,2025020705,REG_3WAY,REGULATION,HOME,,,,2025020705:REG_3WAY:HOME,2025020705:REG_3WAY,synthbook,synthetic,HOME@2026-01-20T22:00:00Z#synthetic|DRAW@2026-01-20T22:00:00Z#synthetic|AWAY@2026-01-20T22:00:00Z#synthetic,2026-01-20T22:00:00Z,20.0,134,2.34,0.42735043,0.406992,multiplicative,0.05002122,0.404862,0.404862,0.0,147,2.46997613,-0.00213,-0.052622,-0.052622,HOME:UNKNOWN(8470610@0.717)|AWAY:CONFIRMED(8470582@0.985),G:e91649762ada053c,UNKNOWN,R:5ed08c0c3522d82f,nhl-gs-0.1.0,nhl-feat-0.1.0,PR:22465be539be19fb,LC:67c7cb02a1bcdc94,"[""pull_trailing_by_1_seconds"", ""pull_trailing_by_2_seconds"", ""rate_4v4_mult"", ""rate_6v5_attack"", ""rate_empty_net"", ""rate_pp"", ""rate_sh"", ""score_effect_beta"", ""score_effect_beta_p3""]",bcb139690e46,DS:e8ae8fea03e2606e,0.9674,BLOCKED,PASS,INELIGIBLE_DEV,"[""HARD_BLOCK:SIMULATED_CLOCK"", ""HARD_BLOCK:SYNTHETIC_SOURCE""]","[""HARD_BLOCK:SYNTHETIC_SOURCE"", ""HARD_BLOCK:SIMULATED_CLOCK""]",S:f299c948e6de3ffce86dd30e
P:c3213416e2cacf277f3e,artifact-v2,2026-01-20T22:20:00Z,2026-01-20T22:20:00Z,2026-01-20T23:00:00Z,FORWARD,SYNTHETIC,DEV_SYNTHETIC,2025020705,REG_3WAY,REGULATION,DRAW,,,,2025020705:REG_3WAY:DRAW,2025020705:REG_3WAY,synthbook,synthetic,HOME@2026-01-20T22:00:00Z#synthetic|DRAW@2026-01-20T22:00:00Z#synthetic|AWAY@2026-01-20T22:00:00Z#synthetic,2026-01-20T22:00:00Z,20.0,303,4.03,0.24813896,0.236318,multiplicative,0.05002122,0.217478,0.217478,0.0,360,4.59816676,-0.01884,-0.123564,-0.123564,HOME:UNKNOWN(8470610@0.717)|AWAY:CONFIRMED(8470582@0.985),G:e91649762ada053c,UNKNOWN,R:5ed08c0c3522d82f,nhl-gs-0.1.0,nhl-feat-0.1.0,PR:22465be539be19fb,LC:67c7cb02a1bcdc94,"[""pull_trailing_by_1_seconds"", ""pull_trailing_by_2_seconds"", ""rate_4v4_mult"", ""rate_6v5_attack"", ""rate_empty_net"", ""rate_pp"", ""rate_sh"", ""score_effect_beta"", ""score_effect_beta_p3""]",bcb139690e46,DS:e8ae8fea03e2606e,0.9674,BLOCKED,PASS,INELIGIBLE_DEV,"[""HARD_BLOCK:SIMULATED_CLOCK"", ""HARD_BLOCK:SYNTHETIC_SOURCE""]","[""HARD_BLOCK:SYNTHETIC_SOURCE"", ""HARD_BLOCK:SIMULATED_CLOCK""]",S:d739016664055b19947f85ff
P:f104f2d660bc60453d0e,artifact-v2,2026-01-20T22:20:00Z,2026-01-20T22:20:00Z,2026-01-20T23:00:00Z,FORWARD,SYNTHETIC,DEV_SYNTHETIC,2025020705,REG_3WAY,REGULATION,AWAY,,,,2025020705:REG_3WAY:AWAY,2025020705:REG_3WAY,synthbook,synthetic,HOME@2026-01-20T22:00:00Z#synthetic|DRAW@2026-01-20T22:00:00Z#synthetic|AWAY@2026-01-20T22:00:00Z#synthetic,2026-01-20T22:00:00Z,20.0,167,2.67,0.37453184,0.35669,multiplicative,0.05002122,0.37766,0.37766,0.0,165,2.64788566,0.02097,0.008352,0.008352,HOME:UNKNOWN(8470610@0.717)|AWAY:CONFIRMED(8470582@0.985),G:e91649762ada053c,UNKNOWN,R:5ed08c0c3522d82f,nhl-gs-0.1.0,nhl-feat-0.1.0,PR:22465be539be19fb,LC:67c7cb02a1bcdc94,"[""pull_trailing_by_1_seconds"", ""pull_trailing_by_2_seconds"", ""rate_4v4_mult"", ""rate_6v5_attack"", ""rate_empty_net"", ""rate_pp"", ""rate_sh"", ""score_effect_beta"", ""score_effect_beta_p3""]",bcb139690e46,DS:e8ae8fea03e2606e,0.9674,BLOCKED,PASS,INELIGIBLE_DEV,"[""HARD_BLOCK:SIMULATED_CLOCK"", ""HARD_BLOCK:SYNTHETIC_SOURCE""]","[""HARD_BLOCK:SYNTHETIC_SOURCE"", ""HARD_BLOCK:SIMULATED_CLOCK""]",S:339bfde5f78397f4bffaa697
P:d420b7471ee39b763dc3,artifact-v2,2026-01-20T22:20:00Z,2026-01-20T22:20:00Z,2026-01-20T23:00:00Z,FORWARD,SYNTHETIC,DEV_SYNTHETIC,2025020705,TEAM_TOTAL,FULL_GAME,OVER,2.5,BUF,,2025020705:TEAM_TOTAL:BUF:OVER:+2.5,2025020705:TEAM_TOTAL:BUF:+2.5,synthbook,synthetic,OVER@2026-01-20T22:00:00Z#synthetic|UNDER@2026-01-20T22:00:00Z#synthetic,2026-01-20T22:00:00Z,20.0,-194,1.51546392,0.65986395,0.631764,multiplicative,0.04447933,0.587502,0.587502,0.0,-142,1.7021208,-0.044261,-0.109661,-0.109661,HOME:UNKNOWN(8470610@0.717)|AWAY:CONFIRMED(8470582@0.985),G:e91649762ada053c,UNKNOWN,R:5ed08c0c3522d82f,nhl-gs-0.1.0,nhl-feat-0.1.0,PR:22465be539be19fb,LC:67c7cb02a1bcdc94,"[""pull_trailing_by_1_seconds"", ""pull_trailing_by_2_seconds"", ""rate_4v4_mult"", ""rate_6v5_attack"", ""rate_empty_net"", ""rate_pp"", ""rate_sh"", ""score_effect_beta"", ""score_effect_beta_p3""]",bcb139690e46,DS:e8ae8fea03e2606e,0.9674,BLOCKED,PASS,INELIGIBLE_DEV,"[""HARD_BLOCK:SIMULATED_CLOCK"", ""HARD_BLOCK:SYNTHETIC_SOURCE""]","[""HARD_BLOCK:SYNTHETIC_SOURCE"", ""HARD_BLOCK:SIMULATED_CLOCK""]",S:a3919c5de0e7c31f157a999d
P:401cbe289b3e94c7801a,artifact-v2,2026-01-20T22:20:00Z,2026-01-20T22:20:00Z,2026-01-20T23:00:00Z,FORWARD,SYNTHETIC,DEV_SYNTHETIC,2025020705,TEAM_TOTAL,FULL_GAME,UNDER,2.5,BUF,,2025020705:TEAM_TOTAL:BUF:UNDER:+2.5,2025020705:TEAM_TOTAL:BUF:+2.5,synthbook,synthetic,OVER@2026-01-20T22:00:00Z#synthetic|UNDER@2026-01-20T22:00:00Z#synthetic,2026-01-20T22:00:00Z,20.0,160,2.6,0.38461538,0.368236,multiplicative,0.04447933,0.412498,0.412498,0.0,142,2.42425634,0.044261,0.072494,0.072494,HOME:UNKNOWN(8470610@0.717)|AWAY:CONFIRMED(8470582@0.985),G:e91649762ada053c,UNKNOWN,R:5ed08c0c3522d82f,nhl-gs-0.1.0,nhl-feat-0.1.0,PR:22465be539be19fb,LC:67c7cb02a1bcdc94,"[""pull_trailing_by_1_seconds"", ""pull_trailing_by_2_seconds"", ""rate_4v4_mult"", ""rate_6v5_attack"", ""rate_empty_net"", ""rate_pp"", ""rate_sh"", ""score_effect_beta"", ""score_effect_beta_p3""]",bcb139690e46,DS:e8ae8fea03e2606e,0.9674,BLOCKED,WATCH,INELIGIBLE_DEV,"[""HARD_BLOCK:SIMULATED_CLOCK"", ""HARD_BLOCK:SYNTHETIC_SOURCE""]","[""HARD_BLOCK:SYNTHETIC_SOURCE"", ""HARD_BLOCK:SIMULATED_CLOCK""]",S:4d062762dad16798466dcf34
P:bac11407e101e8e2c577,artifact-v2,2026-01-20T22:20:00Z,2026-01-20T22:20:00Z,2026-01-20T23:00:00Z,FORWARD,SYNTHETIC,DEV_SYNTHETIC,2025020705,TEAM_TOTAL,FULL_GAME,OVER,2.5,NSH,,2025020705:TEAM_TOTAL:NSH:OVER:+2.5,2025020705:TEAM_TOTAL:NSH:+2.5,synthbook,synthetic,OVER@2026-01-20T22:00:00Z#synthetic|UNDER@2026-01-20T22:00:00Z#synthetic,2026-01-20T22:00:00Z,20.0,-163,1.61349693,0.61977186,0.592911,multiplicative,0.04530378,0.619201,0.619201,0.0,-163,1.61498398,0.02629,-0.000921,-0.000921,HOME:UNKNOWN(8470610@0.717)|AWAY:CONFIRMED(8470582@0.985),G:e91649762ada053c,UNKNOWN,R:5ed08c0c3522d82f,nhl-gs-0.1.0,nhl-feat-0.1.0,PR:22465be539be19fb,LC:67c7cb02a1bcdc94,"[""pull_trailing_by_1_seconds"", ""pull_trailing_by_2_seconds"", ""rate_4v4_mult"", ""rate_6v5_attack"", ""rate_empty_net"", ""rate_pp"", ""rate_sh"", ""score_effect_beta"", ""score_effect_beta_p3""]",bcb139690e46,DS:e8ae8fea03e2606e,0.9674,BLOCKED,PASS,INELIGIBLE_DEV,"[""HARD_BLOCK:SIMULATED_CLOCK"", ""HARD_BLOCK:SYNTHETIC_SOURCE""]","[""HARD_BLOCK:SYNTHETIC_SOURCE"", ""HARD_BLOCK:SIMULATED_CLOCK""]",S:d6d55720f228d0460690951c
P:58419ade3fc95e401d1f,artifact-v2,2026-01-20T22:20:00Z,2026-01-20T22:20:00Z,2026-01-20T23:00:00Z,FORWARD,SYNTHETIC,DEV_SYNTHETIC,2025020705,TEAM_TOTAL,FULL_GAME,UNDER,2.5,NSH,,2025020705:TEAM_TOTAL:NSH:UNDER:+2.5,2025020705:TEAM_TOTAL:NSH:+2.5,synthbook,synthetic,OVER@2026-01-20T22:00:00Z#synthetic|UNDER@2026-01-20T22:00:00Z#synthetic,2026-01-20T22:00:00Z,20.0,135,2.35,0.42553191,0.407089,multiplicative,0.04530378,0.380799,0.380799,0.0,163,2.62605862,-0.02629,-0.105123,-0.105123,HOME:UNKNOWN(8470610@0.717)|AWAY:CONFIRMED(8470582@0.985),G:e91649762ada053c,UNKNOWN,R:5ed08c0c3522d82f,nhl-gs-0.1.0,nhl-feat-0.1.0,PR:22465be539be19fb,LC:67c7cb02a1bcdc94,"[""pull_trailing_by_1_seconds"", ""pull_trailing_by_2_seconds"", ""rate_4v4_mult"", ""rate_6v5_attack"", ""rate_empty_net"", ""rate_pp"", ""rate_sh"", ""score_effect_beta"", ""score_effect_beta_p3""]",bcb139690e46,DS:e8ae8fea03e2606e,0.9674,BLOCKED,PASS,INELIGIBLE_DEV,"[""HARD_BLOCK:SIMULATED_CLOCK"", ""HARD_BLOCK:SYNTHETIC_SOURCE""]","[""HARD_BLOCK:SYNTHETIC_SOURCE"", ""HARD_BLOCK:SIMULATED_CLOCK""]",S:395cfa36066a5f1406ae2e49
P:cc0baba112683a4cba6a,artifact-v2,2026-01-20T22:20:00Z,2026-01-20T22:20:00Z,2026-01-20T23:00:00Z,FORWARD,SYNTHETIC,DEV_SYNTHETIC,2025020705,TOTAL,FULL_GAME,OVER,6.5,,,2025020705:TOTAL:OVER:+6.5,2025020705:TOTAL:+6.5,synthbook,synthetic,OVER@2026-01-20T22:00:00Z#synthetic|UNDER@2026-01-20T22:00:00Z#synthetic,2026-01-20T22:00:00Z,20.0,-103,1.97087379,0.50738916,0.484816,multiplicative,0.04655967,0.441484,0.441484,0.0,127,2.2650897,-0.043333,-0.129892,-0.129892,HOME:UNKNOWN(8470610@0.717)|AWAY:CONFIRMED(8470582@0.985),G:e91649762ada053c,UNKNOWN,R:5ed08c0c3522d82f,nhl-gs-0.1.0,nhl-feat-0.1.0,PR:22465be539be19fb,LC:67c7cb02a1bcdc94,"[""pull_trailing_by_1_seconds"", ""pull_trailing_by_2_seconds"", ""rate_4v4_mult"", ""rate_6v5_attack"", ""rate_empty_net"", ""rate_pp"", ""rate_sh"", ""score_effect_beta"", ""score_effect_beta_p3""]",bcb139690e46,DS:e8ae8fea03e2606e,0.9674,BLOCKED,PASS,INELIGIBLE_DEV,"[""HARD_BLOCK:SIMULATED_CLOCK"", ""HARD_BLOCK:SYNTHETIC_SOURCE""]","[""HARD_BLOCK:SYNTHETIC_SOURCE"", ""HARD_BLOCK:SIMULATED_CLOCK""]",S:485baff7b1ff0a7d62fb784f
P:e7bf257a61d4f941e2a9,artifact-v2,2026-01-20T22:20:00Z,2026-01-20T22:20:00Z,2026-01-20T23:00:00Z,FORWARD,SYNTHETIC,DEV_SYNTHETIC,2025020705,TOTAL,FULL_GAME,UNDER,6.5,,,2025020705:TOTAL:UNDER:+6.5,2025020705:TOTAL:+6.5,synthbook,synthetic,OVER@2026-01-20T22:00:00Z#synthetic|UNDER@2026-01-20T22:00:00Z#synthetic,2026-01-20T22:00:00Z,20.0,-117,1.85470085,0.53917051,0.515184,multiplicative,0.04655967,0.558516,0.558516,0.0,-127,1.79045778,0.043333,0.035881,0.035881,HOME:UNKNOWN(8470610@0.717)|AWAY:CONFIRMED(8470582@0.985),G:e91649762ada053c,UNKNOWN,R:5ed08c0c3522d82f,nhl-gs-0.1.0,nhl-feat-0.1.0,PR:22465be539be19fb,LC:67c7cb02a1bcdc94,"[""pull_trailing_by_1_seconds"", ""pull_trailing_by_2_seconds"", ""rate_4v4_mult"", ""rate_6v5_attack"", ""rate_empty_net"", ""rate_pp"", ""rate_sh"", ""score_effect_beta"", ""score_effect_beta_p3""]",bcb139690e46,DS:e8ae8fea03e2606e,0.9674,BLOCKED,MODEL_PLUS,INELIGIBLE_DEV,"[""HARD_BLOCK:SIMULATED_CLOCK"", ""HARD_BLOCK:SYNTHETIC_SOURCE""]","[""HARD_BLOCK:SYNTHETIC_SOURCE"", ""HARD_BLOCK:SIMULATED_CLOCK""]",S:c9d870386dacca5d53d2b36b
P:53ec09267da496be3172,artifact-v2,2026-01-20T22:20:00Z,2026-01-20T22:20:00Z,2026-01-20T23:00:00Z,FORWARD,SYNTHETIC,DEV_SYNTHETIC,2025020706,ML,FULL_GAME,HOME,,,,2025020706:ML:HOME,2025020706:ML,synthbook,synthetic,HOME@2026-01-20T22:00:00Z#synthetic|AWAY@2026-01-20T22:00:00Z#synthetic,2026-01-20T22:00:00Z,20.0,105,2.05,0.48780488,0.467532,multiplicative,0.04336043,0.551427,0.551427,0.0,-123,1.81347777,0.083894,0.130425,0.130425,HOME:CONFIRMED(8470595@0.985)|AWAY:PROJECTED(8470639@0.880),G:ceae6463de3bc7d4,UNKNOWN,R:5a6a727e3437a91e,nhl-gs-0.1.0,nhl-feat-0.1.0,PR:22465be539be19fb,LC:67c7cb02a1bcdc94,"[""pull_trailing_by_1_seconds"", ""pull_trailing_by_2_seconds"", ""rate_4v4_mult"", ""rate_6v5_attack"", ""rate_empty_net"", ""rate_pp"", ""rate_sh"", ""score_effect_beta"", ""score_effect_beta_p3""]",bcb139690e46,DS:e8ae8fea03e2606e,0.9674,BLOCKED,MODEL_PLUS,INELIGIBLE_DEV,"[""HARD_BLOCK:SIMULATED_CLOCK"", ""HARD_BLOCK:SYNTHETIC_SOURCE""]","[""HARD_BLOCK:SYNTHETIC_SOURCE"", ""HARD_BLOCK:SIMULATED_CLOCK""]",S:42fc81f5729eba4f765002c7
P:6a1b81d97be8eb595030,artifact-v2,2026-01-20T22:20:00Z,2026-01-20T22:20:00Z,2026-01-20T23:00:00Z,FORWARD,SYNTHETIC,DEV_SYNTHETIC,2025020706,ML,FULL_GAME,AWAY,,,,2025020706:ML:AWAY,2025020706:ML,synthbook,synthetic,HOME@2026-01-20T22:00:00Z#synthetic|AWAY@2026-01-20T22:00:00Z#synthetic,2026-01-20T22:00:00Z,20.0,-125,1.8,0.55555556,0.532468,multiplicative,0.04336043,0.448573,0.448573,0.0,123,2.2292899,-0.083894,-0.192568,-0.192568,HOME:CONFIRMED(8470595@0.985)|AWAY:PROJECTED(8470639@0.880),G:ceae6463de3bc7d4,UNKNOWN,R:5a6a727e3437a91e,nhl-gs-0.1.0,nhl-feat-0.1.0,PR:22465be539be19fb,LC:67c7cb02a1bcdc94,"[""pull_trailing_by_1_seconds"", ""pull_trailing_by_2_seconds"", ""rate_4v4_mult"", ""rate_6v5_attack"", ""rate_empty_net"", ""rate_pp"", ""rate_sh"", ""score_effect_beta"", ""score_effect_beta_p3""]",bcb139690e46,DS:e8ae8fea03e2606e,0.9674,BLOCKED,PASS,INELIGIBLE_DEV,"[""HARD_BLOCK:SIMULATED_CLOCK"", ""HARD_BLOCK:SYNTHETIC_SOURCE""]","[""HARD_BLOCK:SYNTHETIC_SOURCE"", ""HARD_BLOCK:SIMULATED_CLOCK""]",S:5e06b52988f03f79c4806bab
P:66b8a9de8a3d9e9a5fc6,artifact-v2,2026-01-20T22:20:00Z,2026-01-20T22:20:00Z,2026-01-20T23:00:00Z,FORWARD,SYNTHETIC,DEV_SYNTHETIC,2025020706,PUCK_LINE,FULL_GAME,HOME,-1.5,,,2025020706:PUCK_LINE:HOME:-1.5,2025020706:PUCK_LINE:-1.5,synthbook,synthetic,HOME@2026-01-20T22:00:00Z#synthetic|AWAY@2026-01-20T22:00:00Z#synthetic,2026-01-20T22:00:00Z,20.0,198,2.98,0.33557047,0.321159,multiplicative,0.0448728,0.306987,0.306987,0.0,226,3.25747047,-0.014172,-0.08518,-0.08518,HOME:CONFIRMED(8470595@0.985)|AWAY:PROJECTED(8470639@0.880),G:ceae6463de3bc7d4,UNKNOWN,R:5a6a727e3437a91e,nhl-gs-0.1.0,nhl-feat-0.1.0,PR:22465be539be19fb,LC:67c7cb02a1bcdc94,"[""pull_trailing_by_1_seconds"", ""pull_trailing_by_2_seconds"", ""rate_4v4_mult"", ""rate_6v5_attack"", ""rate_empty_net"", ""rate_pp"", ""rate_sh"", ""score_effect_beta"", ""score_effect_beta_p3""]",bcb139690e46,DS:e8ae8fea03e2606e,0.9674,BLOCKED,PASS,INELIGIBLE_DEV,"[""HARD_BLOCK:SIMULATED_CLOCK"", ""HARD_BLOCK:SYNTHETIC_SOURCE""]","[""HARD_BLOCK:SYNTHETIC_SOURCE"", ""HARD_BLOCK:SIMULATED_CLOCK""]",S:9dd9c059b4fa98963691967d
P:77803d16d3d3bd32d8e0,artifact-v2,2026-01-20T22:20:00Z,2026-01-20T22:20:00Z,2026-01-20T23:00:00Z,FORWARD,SYNTHETIC,DEV_SYNTHETIC,2025020706,PUCK_LINE,FULL_GAME,AWAY,1.5,,,2025020706:PUCK_LINE:AWAY:+1.5,2025020706:PUCK_LINE:-1.5,synthbook,synthetic,HOME@2026-01-20T22:00:00Z#synthetic|AWAY@2026-01-20T22:00:00Z#synthetic,2026-01-20T22:00:00Z,20.0,-244,1.40983607,0.70930233,0.678841,multiplicative,0.0448728,0.693013,0.693013,0.0,-226,1.44297368,0.014172,-0.022965,-0.022965,HOME:CONFIRMED(8470595@0.985)|AWAY:PROJECTED(8470639@0.880),G:ceae6463de3bc7d4,UNKNOWN,R:5a6a727e3437a91e,nhl-gs-0.1.0,nhl-feat-0.1.0,PR:22465be539be19fb,LC:67c7cb02a1bcdc94,"[""pull_trailing_by_1_seconds"", ""pull_trailing_by_2_seconds"", ""rate_4v4_mult"", ""rate_6v5_attack"", ""rate_empty_net"", ""rate_pp"", ""rate_sh"", ""score_effect_beta"", ""score_effect_beta_p3""]",bcb139690e46,DS:e8ae8fea03e2606e,0.9674,BLOCKED,PASS,INELIGIBLE_DEV,"[""HARD_BLOCK:SIMULATED_CLOCK"", ""HARD_BLOCK:SYNTHETIC_SOURCE""]","[""HARD_BLOCK:SYNTHETIC_SOURCE"", ""HARD_BLOCK:SIMULATED_CLOCK""]",S:4b0f5fbfa0d67a2e91ad087f
P:a65f1560d3db34b94162,artifact-v2,2026-01-20T22:20:00Z,2026-01-20T22:20:00Z,2026-01-20T23:00:00Z,FORWARD,SYNTHETIC,DEV_SYNTHETIC,2025020706,REG_3WAY,REGULATION,HOME,,,,2025020706:REG_3WAY:HOME,2025020706:REG_3WAY,synthbook,synthetic,HOME@2026-01-20T22:00:00Z#synthetic|DRAW@2026-01-20T22:00:00Z#synthetic|AWAY@2026-01-20T22:00:00Z#synthetic,2026-01-20T22:00:00Z,20.0,137,2.37,0.42194093,0.401847,multiplicative,0.05000465,0.437187,0.437187,0.0,129,2.28735247,0.03534,0.036132,0.036132,HOME:CONFIRMED(8470595@0.985)|AWAY:PROJECTED(8470639@0.880),G:ceae6463de3bc7d4,UNKNOWN,R:5a6a727e3437a91e,nhl-gs-0.1.0,nhl-feat-0.1.0,PR:22465be539be19fb,LC:67c7cb02a1bcdc94,"[""pull_trailing_by_1_seconds"", ""pull_trailing_by_2_seconds"", ""rate_4v4_mult"", ""rate_6v5_attack"", ""rate_empty_net"", ""rate_pp"", ""rate_sh"", ""score_effect_beta"", ""score_effect_beta_p3""]",bcb139690e46,DS:e8ae8fea03e2606e,0.9674,BLOCKED,WATCH,INELIGIBLE_DEV,"[""HARD_BLOCK:SIMULATED_CLOCK"", ""HARD_BLOCK:SYNTHETIC_SOURCE""]","[""HARD_BLOCK:SYNTHETIC_SOURCE"", ""HARD_BLOCK:SIMULATED_CLOCK""]",S:f0df2a9daaa35e9e007750dc
P:e3ae0f4b80c427de90b0,artifact-v2,2026-01-20T22:20:00Z,2026-01-20T22:20:00Z,2026-01-20T23:00:00Z,FORWARD,SYNTHETIC,DEV_SYNTHETIC,2025020706,REG_3WAY,REGULATION,DRAW,,,,2025020706:REG_3WAY:DRAW,2025020706:REG_3WAY,synthbook,synthetic,HOME@2026-01-20T22:00:00Z#synthetic|DRAW@2026-01-20T22:00:00Z#synthetic|AWAY@2026-01-20T22:00:00Z#synthetic,2026-01-20T22:00:00Z,20.0,284,3.84,0.26041667,0.248015,multiplicative,0.05000465,0.225613,0.225613,0.0,343,4.43236215,-0.022401,-0.133645,-0.133645,HOME:CONFIRMED(8470595@0.985)|AWAY:PROJECTED(8470639@0.880),G:ceae6463de3bc7d4,UNKNOWN,R:5a6a727e3437a91e,nhl-gs-0.1.0,nhl-feat-0.1.0,PR:22465be539be19fb,LC:67c7cb02a1bcdc94,"[""pull_trailing_by_1_seconds"", ""pull_trailing_by_2_seconds"", ""rate_4v4_mult"", ""rate_6v5_attack"", ""rate_empty_net"", ""rate_pp"", ""rate_sh"", ""score_effect_beta"", ""score_effect_beta_p3""]",bcb139690e46,DS:e8ae8fea03e2606e,0.9674,BLOCKED,PASS,INELIGIBLE_DEV,"[""HARD_BLOCK:SIMULATED_CLOCK"", ""HARD_BLOCK:SYNTHETIC_SOURCE""]","[""HARD_BLOCK:SYNTHETIC_SOURCE"", ""HARD_BLOCK:SIMULATED_CLOCK""]",S:32334a7228885261cee364ea
P:7a0db65134a8b13d6ed0,artifact-v2,2026-01-20T22:20:00Z,2026-01-20T22:20:00Z,2026-01-20T23:00:00Z,FORWARD,SYNTHETIC,DEV_SYNTHETIC,2025020706,REG_3WAY,REGULATION,AWAY,,,,2025020706:REG_3WAY:AWAY,2025020706:REG_3WAY,synthbook,synthetic,HOME@2026-01-20T22:00:00Z#synthetic|DRAW@2026-01-20T22:00:00Z#synthetic|AWAY@2026-01-20T22:00:00Z#synthetic,2026-01-20T22:00:00Z,20.0,172,2.72,0.36764706,0.350139,multiplicative,0.05000465,0.3372,0.3372,0.0,197,2.96559905,-0.012939,-0.082816,-0.082816,HOME:CONFIRMED(8470595@0.985)|AWAY:PROJECTED(8470639@0.880),G:ceae6463de3bc7d4,UNKNOWN,R:5a6a727e3437a91e,nhl-gs-0.1.0,nhl-feat-0.1.0,PR:22465be539be19fb,LC:67c7cb02a1bcdc94,"[""pull_trailing_by_1_seconds"", ""pull_trailing_by_2_seconds"", ""rate_4v4_mult"", ""rate_6v5_attack"", ""rate_empty_net"", ""rate_pp"", ""rate_sh"", ""score_effect_beta"", ""score_effect_beta_p3""]",bcb139690e46,DS:e8ae8fea03e2606e,0.9674,BLOCKED,PASS,INELIGIBLE_DEV,"[""HARD_BLOCK:SIMULATED_CLOCK"", ""HARD_BLOCK:SYNTHETIC_SOURCE""]","[""HARD_BLOCK:SYNTHETIC_SOURCE"", ""HARD_BLOCK:SIMULATED_CLOCK""]",S:0f7b8afbd5854964bfc9b2de
P:9290340f5ba315bb99dc,artifact-v2,2026-01-20T22:20:00Z,2026-01-20T22:20:00Z,2026-01-20T23:00:00Z,FORWARD,SYNTHETIC,DEV_SYNTHETIC,2025020706,TEAM_TOTAL,FULL_GAME,OVER,2.5,DET,,2025020706:TEAM_TOTAL:DET:OVER:+2.5,2025020706:TEAM_TOTAL:DET:+2.5,synthbook,synthetic,OVER@2026-01-20T22:00:00Z#synthetic|UNDER@2026-01-20T22:00:00Z#synthetic,2026-01-20T22:00:00Z,20.0,-184,1.54347826,0.64788732,0.620158,multiplicative,0.04471272,0.651867,0.651867,0.0,-187,1.53405604,0.031708,0.006142,0.006142,HOME:CONFIRMED(8470595@0.985)|AWAY:PROJECTED(8470639@0.880),G:ceae6463de3bc7d4,UNKNOWN,R:5a6a727e3437a91e,nhl-gs-0.1.0,nhl-feat-0.1.0,PR:22465be539be19fb,LC:67c7cb02a1bcdc94,"[""pull_trailing_by_1_seconds"", ""pull_trailing_by_2_seconds"", ""rate_4v4_mult"", ""rate_6v5_attack"", ""rate_empty_net"", ""rate_pp"", ""rate_sh"", ""score_effect_beta"", ""score_effect_beta_p3""]",bcb139690e46,DS:e8ae8fea03e2606e,0.9674,BLOCKED,WATCH,INELIGIBLE_DEV,"[""HARD_BLOCK:SIMULATED_CLOCK"", ""HARD_BLOCK:SYNTHETIC_SOURCE""]","[""HARD_BLOCK:SYNTHETIC_SOURCE"", ""HARD_BLOCK:SIMULATED_CLOCK""]",S:512d64aecee7a006b24877cf
P:154362c2b09b0d5ae85f,artifact-v2,2026-01-20T22:20:00Z,2026-01-20T22:20:00Z,2026-01-20T23:00:00Z,FORWARD,SYNTHETIC,DEV_SYNTHETIC,2025020706,TEAM_TOTAL,FULL_GAME,UNDER,2.5,DET,,2025020706:TEAM_TOTAL:DET:UNDER:+2.5,2025020706:TEAM_TOTAL:DET:+2.5,synthbook,synthetic,OVER@2026-01-20T22:00:00Z#synthetic|UNDER@2026-01-20T22:00:00Z#synthetic,2026-01-20T22:00:00Z,20.0,152,2.52,0.3968254,0.379842,multiplicative,0.04471272,0.348133,0.348133,0.0,187,2.87246266,-0.031708,-0.122704,-0.122704,HOME:CONFIRMED(8470595@0.985)|AWAY:PROJECTED(8470639@0.880),G:ceae6463de3bc7d4,UNKNOWN,R:5a6a727e3437a91e,nhl-gs-0.1.0,nhl-feat-0.1.0,PR:22465be539be19fb,LC:67c7cb02a1bcdc94,"[""pull_trailing_by_1_seconds"", ""pull_trailing_by_2_seconds"", ""rate_4v4_mult"", ""rate_6v5_attack"", ""rate_empty_net"", ""rate_pp"", ""rate_sh"", ""score_effect_beta"", ""score_effect_beta_p3""]",bcb139690e46,DS:e8ae8fea03e2606e,0.9674,BLOCKED,PASS,INELIGIBLE_DEV,"[""HARD_BLOCK:SIMULATED_CLOCK"", ""HARD_BLOCK:SYNTHETIC_SOURCE""]","[""HARD_BLOCK:SYNTHETIC_SOURCE"", ""HARD_BLOCK:SIMULATED_CLOCK""]",S:c7fa8350534cb827cabe81f6
P:d94993a0453cd9a9fe5b,artifact-v2,2026-01-20T22:20:00Z,2026-01-20T22:20:00Z,2026-01-20T23:00:00Z,FORWARD,SYNTHETIC,DEV_SYNTHETIC,2025020706,TEAM_TOTAL,FULL_GAME,OVER,2.5,WSH,,2025020706:TEAM_TOTAL:WSH:OVER:+2.5,2025020706:TEAM_TOTAL:WSH:+2.5,synthbook,synthetic,OVER@2026-01-20T22:00:00Z#synthetic|UNDER@2026-01-20T22:00:00Z#synthetic,2026-01-20T22:00:00Z,20.0,-156,1.64102564,0.609375,0.582545,multiplicative,0.04605622,0.57912,0.57912,0.0,-138,1.72675784,-0.003425,-0.049649,-0.049649,HOME:CONFIRMED(8470595@0.985)|AWAY:PROJECTED(8470639@0.880),G:ceae6463de3bc7d4,UNKNOWN,R:5a6a727e3437a91e,nhl-gs-0.1.0,nhl-feat-0.1.0,PR:22465be539be19fb,LC:67c7cb02a1bcdc94,"[""pull_trailing_by_1_seconds"", ""pull_trailing_by_2_seconds"", ""rate_4v4_mult"", ""rate_6v5_attack"", ""rate_empty_net"", ""rate_pp"", ""rate_sh"", ""score_effect_beta"", ""score_effect_beta_p3""]",bcb139690e46,DS:e8ae8fea03e2606e,0.9674,BLOCKED,PASS,INELIGIBLE_DEV,"[""HARD_BLOCK:SIMULATED_CLOCK"", ""HARD_BLOCK:SYNTHETIC_SOURCE""]","[""HARD_BLOCK:SYNTHETIC_SOURCE"", ""HARD_BLOCK:SIMULATED_CLOCK""]",S:bfe037164a8023c440a587f2
P:f4093ab39d04fc4d75f1,artifact-v2,2026-01-20T22:20:00Z,2026-01-20T22:20:00Z,2026-01-20T23:00:00Z,FORWARD,SYNTHETIC,DEV_SYNTHETIC,2025020706,TEAM_TOTAL,FULL_GAME,UNDER,2.5,WSH,,2025020706:TEAM_TOTAL:WSH:UNDER:+2.5,2025020706:TEAM_TOTAL:WSH:+2.5,synthbook,synthetic,OVER@2026-01-20T22:00:00Z#synthetic|UNDER@2026-01-20T22:00:00Z#synthetic,2026-01-20T22:00:00Z,20.0,129,2.29,0.43668122,0.417455,multiplicative,0.04605622,0.42088,0.42088,0.0,138,2.37597415,0.003425,-0.036185,-0.036185,HOME:CONFIRMED(8470595@0.985)|AWAY:PROJECTED(8470639@0.880),G:ceae6463de3bc7d4,UNKNOWN,R:5a6a727e3437a91e,nhl-gs-0.1.0,nhl-feat-0.1.0,PR:22465be539be19fb,LC:67c7cb02a1bcdc94,"[""pull_trailing_by_1_seconds"", ""pull_trailing_by_2_seconds"", ""rate_4v4_mult"", ""rate_6v5_attack"", ""rate_empty_net"", ""rate_pp"", ""rate_sh"", ""score_effect_beta"", ""score_effect_beta_p3""]",bcb139690e46,DS:e8ae8fea03e2606e,0.9674,BLOCKED,PASS,INELIGIBLE_DEV,"[""HARD_BLOCK:SIMULATED_CLOCK"", ""HARD_BLOCK:SYNTHETIC_SOURCE""]","[""HARD_BLOCK:SYNTHETIC_SOURCE"", ""HARD_BLOCK:SIMULATED_CLOCK""]",S:01d58984d93aa8f4fb70d3d6
P:8a324037e565980500ed,artifact-v2,2026-01-20T22:20:00Z,2026-01-20T22:20:00Z,2026-01-20T23:00:00Z,FORWARD,SYNTHETIC,DEV_SYNTHETIC,2025020706,TOTAL,FULL_GAME,OVER,6.5,,,2025020706:TOTAL:OVER:+6.5,2025020706:TOTAL:+6.5,synthbook,synthetic,OVER@2026-01-20T22:00:00Z#synthetic|UNDER@2026-01-20T22:00:00Z#synthetic,2026-01-20T22:00:00Z,20.0,120,2.2,0.45454545,0.435093,multiplicative,0.04470939,0.456893,0.456893,0.0,119,2.18869466,0.021801,0.005165,0.005165,HOME:CONFIRMED(8470595@0.985)|AWAY:PROJECTED(8470639@0.880),G:ceae6463de3bc7d4,UNKNOWN,R:5a6a727e3437a91e,nhl-gs-0.1.0,nhl-feat-0.1.0,PR:22465be539be19fb,LC:67c7cb02a1bcdc94,"[""pull_trailing_by_1_seconds"", ""pull_trailing_by_2_seconds"", ""rate_4v4_mult"", ""rate_6v5_attack"", ""rate_empty_net"", ""rate_pp"", ""rate_sh"", ""score_effect_beta"", ""score_effect_beta_p3""]",bcb139690e46,DS:e8ae8fea03e2606e,0.9674,BLOCKED,WATCH,INELIGIBLE_DEV,"[""HARD_BLOCK:SIMULATED_CLOCK"", ""HARD_BLOCK:SYNTHETIC_SOURCE""]","[""HARD_BLOCK:SYNTHETIC_SOURCE"", ""HARD_BLOCK:SIMULATED_CLOCK""]",S:b28c1706a672752e4dcdfad9
P:048d8c2dc2987d5cd506,artifact-v2,2026-01-20T22:20:00Z,2026-01-20T22:20:00Z,2026-01-20T23:00:00Z,FORWARD,SYNTHETIC,DEV_SYNTHETIC,2025020706,TOTAL,FULL_GAME,UNDER,6.5,,,2025020706:TOTAL:UNDER:+6.5,2025020706:TOTAL:+6.5,synthbook,synthetic,OVER@2026-01-20T22:00:00Z#synthetic|UNDER@2026-01-20T22:00:00Z#synthetic,2026-01-20T22:00:00Z,20.0,-144,1.69444444,0.59016393,0.564907,multiplicative,0.04470939,0.543107,0.543107,0.0,-119,1.84125893,-0.021801,-0.079736,-0.079736,HOME:CONFIRMED(8470595@0.985)|AWAY:PROJECTED(8470639@0.880),G:ceae6463de3bc7d4,UNKNOWN,R:5a6a727e3437a91e,nhl-gs-0.1.0,nhl-feat-0.1.0,PR:22465be539be19fb,LC:67c7cb02a1bcdc94,"[""pull_trailing_by_1_seconds"", ""pull_trailing_by_2_seconds"", ""rate_4v4_mult"", ""rate_6v5_attack"", ""rate_empty_net"", ""rate_pp"", ""rate_sh"", ""score_effect_beta"", ""score_effect_beta_p3""]",bcb139690e46,DS:e8ae8fea03e2606e,0.9674,BLOCKED,PASS,INELIGIBLE_DEV,"[""HARD_BLOCK:SIMULATED_CLOCK"", ""HARD_BLOCK:SYNTHETIC_SOURCE""]","[""HARD_BLOCK:SYNTHETIC_SOURCE"", ""HARD_BLOCK:SIMULATED_CLOCK""]",S:e60b02d384612a0f6d5dd061
